№ изолир. Пом.;этаж;Литера;Площадь вспомогат, м.кв.;Описание помещений или прав;Дата госрегистрации;Инв. №;Доля в изолир. Пом.;Площадь изолир. Пом.;Доля в праве собственности на общее имущество;Доля 3 разряда;Номер свидетельства;Тип документа;Номер документа;Орган, выдавший документ;Дата выдачи докум;Идентификационный /рег. №;Контактный тел.;VIBER;TELEG;WHATS;Электронная почта;Доверенность;Срок действия дов.;Поверенный;Адрес рег;Адрес прожив;Номер договора;Дата заключ догов;Поэт план;Ось в проектной;Проектный чертеж;Этаж;OSSPECTR;NED1;;;
1;1;30;;Собственник 1;30.06.2017;500/D-798187998;1;19,7;0,313874;0,314;500/1323-8379;справка из реестра предприятий Латвийской Республики;Н1;;28.03.2003;ИН1;+375 29 600 00 00;;;;600@gmail.com;рег. №50 от 20.01.2020;19.01.2021;Петров Иван Иванович;220125, г.Минск, ул. Платонова, д. 65, корп. 1, кв. 34;220125, г.Минск, ул. Авиационная, д. 5, корп. 3, кв. 4;179А/1-600;01.10.2021;л. 1-1;6-7/А-Б;88.109.0.28-АР-11;1-ый подземный;;;;;
2;1;31;;Собственник 2;08.01.2020;500/D-798197034;1;19,6;0,312281;0,312;500/711-8150;паспорт гражданина РБ;Н2;Будо-Кошелевский РУВД Гомельской области;13.07.1998;ИН2;;;;;;;;;;;179А/2-337;13.01.2020;л. 1-1;6-7/А-Б;88.109.0.28-АР-11;1-ый подземный;участок эксплуатируемой кровли;;;;
3;1;80;;Собственник 3;18.10.2017;500/D-798195361;1;20,1;0,320247;0,32;500/1141-7219;паспорт гражданина РБ;Н3;Первомайское РУВД г.Минска;26.03.2012;ИН3;;;;;;;;;;;179А/3-35;05.12.2017;л. 2-1;8-9/А-Б;88.109.0.28-АР-12;1-ый подземный;участок эксплуатируемой кровли;;;;
4;1;81;;Собственник 4;18.10.2017;500/D-798195360;1;20,1;0,320247;0,32;500/1141-7220;паспорт гражданина РБ;Н4;Первомайское РУВД г.Минска;26.03.2012;ИН4;;;;;;;;;;;179А/4-36;05.12.2017;л. 2-1;8-9/А-Б;88.109.0.28-АР-12;1-ый подземный;участок эксплуатируемой кровли;;;;
5;1;82;;Собственник 5;17.10.2017;500/D-798195383;1;19,7;0,313874;0,314;500/311-17792;паспорт гражданина РБ;Н5;Первомайское РУВД г.Минска;12.01.2011;ИН5;;;;;;;;;;;179А/5-37;05.12.2017;л. 2-1;9-10/А-Б;88.109.0.28-АР-12;1-ый подземный;участок эксплуатируемой кровли;;;;
6;1;83;;Собственник 6;17.10.2017;500/D-798194449;1;19,5;0,310688;0,311;500/311-17790;паспорт гражданина РБ;Н6;Первомайское РУВД г.Минска;12.01.2011;ИН6;;;;;;;;;;;179А/6-38;05.12.2017;л. 2-1;9-10/А-Б;88.109.0.28-АР-12;1-ый подземный;участок эксплуатируемой кровли;;;;
7;1;84;;Собственник 7;11.07.2017;500/D-798190591;1;18,8;0,299535;0,3;500/1738-860;паспорт гражданина РБ;Н7;Первомайское РУВД г.Минска;03.09.2014;ИН7;;;;;;;;;;;179А/7-92;11.12.2017;л. 2-1;10-11/А-Б;88.109.0.28-АР-12;1-ый подземный;участок эксплуатируемой кровли;;;;
8;1;85;;Собственник 8;11.07.2017;500/D-798190552;1;16,5;0,26289;0,263;500/1738-859;паспорт гражданина РБ;Н8;Первомайское РУВД г.Минска;03.09.2014;ИН8;;;;;;;;;;;179А/8-91;11.12.2017;л. 2-1;10-11/А-Б;88.109.0.28-АР-12;1-ый подземный;участок эксплуатируемой кровли;;;;
9;1;86;;Собственник 9;12.12.2017;500/D-798197315;1;19,7;0,313874;0,314;500/850-8147;паспорт гражданина РБ;Н9;Первомайское РУВД г.Минска;11.05.2010;ИН9;;;;;;;;;;;179А/9-101;12.12.2017;л. 2-1;11-12/А-Б;88.109.0.28-АР-12;1-ый подземный;участок эксплуатируемой кровли;;;;
10;1;87;;Собственник 10;13.12.2017;500/D-798197328;1;19,8;0,315467;0,315;500/1738-1604;паспорт гражданина РБ;Н10;Фрунзенское РУВД г.Минска;24.08.1999;ИН10;;;;;;;;;;;179А/10-246;23.01.2018;л. 2-1;11-12/А-Б;88.109.0.28-АР-12;1-ый подземный;;;;;
11;1;88;;Собственник 11;13.12.2017;500/D-798197329;1;16,9;0,269263;0,269;500/1738-1605;паспорт гражданина РБ;Н11;Фрунзенское РУВД г.Минска;24.08.1999;ИН11;;;;;;;;;;;179А/11-247;23.01.2018;л. 2-1;12-13/А-Б;88.109.0.28-АР-12;1-ый подземный;;;;;
12;1;89;;Собственник 12;24.11.2017;500/D-798196597;1;16,7;0,266076;0,266;500/1738-1550;паспорт гражданина РБ;Н12;Первомайское РУВД г.Минска;24.03.2016;ИН12;;;;;;;;;;;179А/12-297;09.01.2018;л. 2-1;12-13/А-Б;88.109.0.28-АР-12;1-ый подземный;;;;;
13;1;90;;Собственник 13;28.12.2017;500/D-798197494;1;16,9;0,269263;0,269;500/458-12993;паспорт гражданина РБ;Н13;Советское РУВД г.Минска;08.10.2013;ИН13;;;;;;;;;;;179А/13-177;27.12.2017;л. 2-1;13-14/А-Б;88.109.0.28-АР-12;1-ый подземный;;;;;
14;1;91;;Собственник 14;27.02.2018;500/D-798200193;1;16,7;0,266076;0,266;500/811-5346;паспорт гражданина РБ;Н14;Первомайское РУВД г.Минска;31.03.2016;ИН14;;;;;;;;;;;179А/14-277;03.03.2018;л. 2-1;13-14/А-Б;88.109.0.28-АР-12;1-ый подземный;;;;;
15;1;92;;Собственник 15;04.01.2018;500/D-798198228;1;33,1;0,527372;0,527;500/1569-4699;паспорт гражданина РБ;Н15;Первомайское РУВД г.Минска;06.04.2007;ИН15;;;;;;;;;;;179А/15-186;04.01.2018;л. 2-1;14-15/А-Б;88.109.0.28-АР-12;1-ый подземный;;;;;
16;1;93;;Собственник 16;30.06.2017;500/D-798187999;1;16,7;0,266076;0,266;500/1323-8380;справка из реестра предприятий Латвийской Республики;Н16;;28.03.2003;ИН16;;;;;;;;;;;;;л. 2-1;15-16/А-Б;88.109.0.28-АР-12;1-ый подземный;;;;;
17;1;137;;Собственник 17;30.06.2017;500/D-798188000;1;16,6;0,264483;0,264;500/1323-8381;справка из реестра предприятий Латвийской Республики;Н17;;28.03.2003;ИН17;;;;;;;;;;;;;л. 3-1;15-16/А-Б;88.109.0.28-АР-13;1-ый подземный;;;;;
18;1;138;;Собственник 18;13.11.2017;500/D-798196583;1;16,5;0,26289;0,263;500/1016-12266;паспорт гражданина РБ;Н18;Первомайское РУВД г.Минска;13.08.2013;ИН18;;;;;;;;;;;179А/18-55;07.12.2017;л. 3-1;16-17/А-Б;88.109.0.28-АР-13;1-ый подземный;участок эксплуатируемой кровли;Следы затекания в районе камеры видеонаблюдения. Меловые наросты на камере видеонаблюдения. Не работает камера видеонаблюдения.;;;
19;1;139;;Собственник 19;22.11.2017;500/D-798196358;1;17,9;0,285195;0,285;500/849-6826;паспорт гражданина РБ;Н19;Первомайское РУВД г.Минска;03.06.2010;ИН19;;;;;;;;;;;179А/19-103;12.12.2017;л. 3-1;16-17/А-Б;88.109.0.28-АР-13;1-ый подземный;участок эксплуатируемой кровли;;;;
20;1;140;;Собственник 20;06.07.2017;500/D-798190546;1;17,7;0,282009;0,282;500/1452-6937;паспорт гражданина РБ;Н20;Первомайское РУВД г.Минска;30.01.2008;ИН20;;;;;;;;;;;179А/20-1;01.12.2017;л. 3-1;18-19/А-Б;88.109.0.28-АР-13;1-ый подземный;участок эксплуатируемой кровли;;;;
021 (1);1;141;;Собственник 21;02.12.2019;500/D-798197901;0,666666667;11;0,17526;0,175;500/1797-1458;паспорт гражданина РБ;Н21;Первомайское РУВД г.Минска;09.10.2019;ИН21;;;;;;;;;;;179А/21-;;л. 3-1;18-19/А-Б;88.109.0.28-АР-13;1-ый подземный;;;;;
021 (2);1;141;;Собственник 22;02.12.2019;500/D-798197901;0,166666667;2,75;0,043815;0,044;500/1797-1458;паспорт гражданина РБ;Н22;Первомайское РУВД г.Минска;09.10.2019;ИН22;;;;;;;;;;;179А/21-;;л. 3-1;18-19/А-Б;88.109.0.28-АР-13;1-ый подземный;;;;;
021 (3);1;141;;Собственник 23;02.12.2019;500/D-798197901;0,166666667;2,75;0,043815;0,044;500/1797-1458;паспорт гражданина РБ;Н23;Первомайское РУВД г.Минска;10.10.2018;ИН23;;;;;;;;;;;179А/21-;;л. 3-1;18-19/А-Б;88.109.0.28-АР-13;1-ый подземный;;;;;
22;1;142;;Собственник 24;27.07.2018;500/D-798197353;1;16,3;0,259703;0,26;500/469-10615;паспорт гражданина РБ;Н24;Первомайское РУВД г.Минска;18.07.2017;ИН24;;;;;;;;;;;179А/22-297;09.08.2018;л. 3-1;19-20/А-Б;88.109.0.28-АР-13;1-ый подземный;участок эксплуатируемой кровли;;;;
23;1;143;;Собственник 25;26.07.2018;500/D-798197354;1;16,7;0,266076;0,266;500/1739-3744;паспорт гражданина РБ;Н25;Первомайское РУВД г.Минска;27.02.2019;ИН25;;;;;;;;;;;179А/23-298;22.08.2018;л. 3-1;19-20/А-Б;88.109.0.28-АР-13;1-ый подземный;участок эксплуатируемой кровли;Следы затекания по всей площади торцевой стены и на потолочном перекрытии на площади до 20%;;;
24;1;144;;Собственник 26;25.07.2017;500/D-798192013;1;20,4;0,325027;0,325;500/654-9872;вид на жительство РБ;Н26;Первомайское РУВД г.Минска;22.03.2018;ИН26;;;;;;;;;;;179А/24-62;08.12.2017;л. 3-1;20-21/А-Б;88.109.0.28-АР-13;1-ый подземный;участок эксплуатируемой кровли;;;;
25;1;145;;Собственник 27;18.12.2017;500/D-798197503;1;32,4;0,516219;0,516;500/519-3756;паспорт гражданина РБ;Н27;Московское РУВД г.Минска;10.09.2015;ИН27;;;;;;;;;;;179А/25-75;09.12.2017;л. 3-1;20-21/А(А1)-Б(Б1);88.109.0.28-АР-13;1-ый подземный;участок эксплуатируемой кровли;;;;
26;1;146;;Собственник 28;30.08.2017;500/D-798193376;1;20,4;0,325027;0,325;500/526-4635;паспорт гражданина РБ;Н28;Первомайское РУВД г.Минска;22.03.2012;ИН28;;;;;;;;;;;179А/26-214;12.01.2018;л. 3-1;20-21/А1-Б1;88.109.0.28-АР-13;1-ый подземный;;;;;
27;1;147;;Собственник 29;12.03.2018;500/D-798200182;1;32,6;0,519406;0,519;500/1449-2505;вид на жительство РБ;Н29;Первомайское РУВД г.Минска;26.10.2007;ИН29;;;;;;;;;;;179A/27-162;22.12.2017;л. 3-1;21-22/А1-Б1;88.109.0.28-АР-13;1-ый подземный;участок эксплуатируемой кровли;;;;
28;1;148;;Собственник 30;06.10.2018;500/D-798197372;1;16,4;0,261296;0,261;500/1248-8819;паспорт гражданина РБ;Н30;Первомайское РУВД г.Минска;19.07.2017;ИН30;;;;;;;;;;;179А/28-;14.12.2018;л. 3-1;22-23/А1-Б1;88.109.0.28-АР-13;1-ый подземный;участок эксплуатируемой кровли;;;;
29;1;149;;Собственник 31;20.12.2017;500/D-798197371;1;16,8;0,267669;0,268;500/539-7494;паспорт гражданина РБ;Н31;Минское РУВД Минской области;30.07.2014;ИН31;;;;;;;;;;;179А/29-149;18.12.2017;л. 3-1;22-23/А1-Б1;88.109.0.28-АР-13;1-ый подземный;участок эксплуатируемой кровли;;;;
30;1;150;;Собственник 32;30.06.2017;500/D-798188001;1;17;0,270856;0,271;500/1323-8382;справка из реестра предприятий Латвийской Республики;Н32;;28.03.2003;ИН32;;;;;;;;;;;;;л. 3-1;23-24/А1-Б1;88.109.0.28-АР-13;1-ый подземный;;;;;
31;1;151;;Собственник 33;30.06.2017;500/D-798188002;1;16,5;0,26289;0,263;500/1323-8383;справка из реестра предприятий Латвийской Республики;Н33;;28.03.2003;ИН33;;;;;;;;;;;;;л. 3-1;23-24/А1-Б1;88.109.0.28-АР-13;1-ый подземный;;;;;
32;1;152;;Собственник 34;30.06.2017;500/D-798188003;1;16,8;0,267669;0,268;500/1323-8384;справка из реестра предприятий Латвийской Республики;Н34;;28.03.2003;ИН34;;;;;;;;;;;;;л. 3-1;24-25/А1-Б1;88.109.0.28-АР-13;1-ый подземный;;;;;
33;1;153;;Собственник 35;30.06.2017;500/D-798188004;1;16,8;0,267669;0,268;500/1323-8385;справка из реестра предприятий Латвийской Республики;Н35;;28.03.2003;ИН35;;;;;;;;;;;;;л. 3-1;24-25/А1-Б1;88.109.0.28-АР-13;1-ый подземный;;;;;
34;1;154;;Собственник 36;30.06.2017;500/D-798188005;1;17;0,270856;0,271;500/1323-8372;справка из реестра предприятий Латвийской Республики;Н36;;28.03.2003;ИН36;;;;;;;;;;;;;л. 3-1;25-26/А1-Б1;88.109.0.28-АР-13;1-ый подземный;;;;;
35;1;155;;Собственник 37;30.06.2017;500/D-798188006;1;16,4;0,261296;0,261;500/1323-8373;справка из реестра предприятий Латвийской Республики;Н37;;28.03.2003;ИН37;;;;;;;;;;;;;л. 3-1;25-26/А1-Б1;88.109.0.28-АР-13;1-ый подземный;;;;;
36;1;156;;Собственник 38;04.01.2018;500/D-798197902;1;16,4;0,261296;0,261;500/1135-7698;паспорт гражданина РБ;Н38;Первомайское РУВД г.Минска;19.09.2016;ИН38;;;;;;;;;;;179А/36-172;26.12.2017;л. 3-1;26-27/А1-Б1;88.109.0.28-АР-13;1-ый подземный;;;;;
37;1;157;;Собственник 39;04.01.2018;500/D-798197903;1;16,5;0,26289;0,263;500/1135-7697;паспорт гражданина РБ;Н39;Первомайское РУВД г.Минска;19.09.2016;ИН39;;;;;;;;;;;179А/37-171;26.12.2017;л. 3-1;26-27/А1-Б1;88.109.0.28-АР-13;1-ый подземный;;;;;
38;1;182;;Собственник 40;03.11.2017;500/D-798195405;1;32,5;0,517813;0,518;500/1040-3289;паспорт гражданина РБ;Н40;Советское РУВД г.Минска;13.02.2014;ИН40;;;;;;;;;;;179А/38-189;05.01.2018;л. 4-1;28-29/А1-Б1;88.109.0.28-АР-13, 88.109.0.28-АР-14;1-ый подземный;;;;;
39;1;183;;Собственник 41;04.01.2018;500/D-798197904;1;16,4;0,261296;0,261;500/1135-7699;паспорт гражданина РБ;Н41;Первомайское РУВД г.Минска;21.11.2014;ИН41;;;;;;;;;;;179А/39-173;26.12.2017;л. 4-1;29-30/А1-Б1;88.109.0.28-АР-14;1-ый подземный;;;;;
40;1;184;;Собственник 42;24.01.2018;500/D-798198517;1;16,5;0,26289;0,263;500/999-13778;паспорт гражданина РБ;Н42;Первомайское РУВД г.Минска;01.09.2015;ИН42;;;;;;;;;;;179А/40-228;14.01.2018;л. 4-1;29-30/А1-Б1;88.109.0.28-АР-14;1-ый подземный;;Следы коррозии по металлоконструкциям шпилек (закладных деталей). Наблюдается течь через потолочные плиты перекрытия и заднюю стенку. Не работает камера видеонаблюдения.;;;
41;1;185;;Собственник 43;28.12.2017;500/D-798197693;1;16,3;0,259703;0,26;500/1488-7780;паспорт гражданина РБ;Н43;Центральное РУВД г.Минска;28.02.2014;ИН43;;;;;;;;;;;179А/41-233;15.01.2018;л. 4-1;30-31/А1-Б1;88.109.0.28-АР-14;1-ый подземный;;По всей площади и периметру стен и перекрытий затекание воды. Каплевидные выбивания стяжки. Не работает камера видеонаблюдения.;;;
42;1;186;;Собственник 44;28.12.2017;500/D-798197850;1;16;0,254923;0,255;500/1488-7781;паспорт гражданина РБ;Н44;Центральное РУВД г.Минска;30.08.2017;ИН44;;;;;;;;;;;179А/42-232;15.01.2018;л. 4-1;30-31/А1-Б1;88.109.0.28-АР-14;1-ый подземный;;Следы намокания на кирпичной кладке  по всей стене до 40% , противоположной стене с узлом учета. На стене с узлом учета намокание до 10%. По балке перекрытия следы намокания, каплевидные свисания на площади до 10%.;;;
43;1;187;;Собственник 45;12.07.2017;500/D-798190565;1;15,8;0,251737;0,252;500/771-12388;паспорт гражданина РБ;Н45;Минское РУВД Минской области;09.08.2018;ИН45;;;;;;;;;;;179А/43-135;16.12.2017;л. 4-1;31-32/А1-Б1;88.109.0.28-АР-14;1-ый подземный;участок эксплуатируемой кровли, венткиоск метрополитена;Следы затекания на кирпичной кладке в районе узла учета с меловыми разводами (площадь 1,5 кв.м.). По телу монолитной балки и плиты перекрытия следы затекания (свисают капли на площади до 1,5 кв.м.). Намокание задней стены на площади 0,5 кв.м.;;;
44;1;188;;Собственник 46;;500/D-798196596;1;25,5;0,406284;0,406;;выписка из ЕГР;Н46;Минский горисполком;30.09.2014;ИН46;;;;;;;;;;;;;л. 4-1;32-33/А1-Б1;88.109.0.28-АР-14;1-ый подземный;участок эксплуатируемой кровли, венткиоск метрополитена;Следы затекания по балке и перекрытию на площади до 1,5 кв.м. Кирпичная кладка в районе узла учета  влажная (площадь 0,8 кв.м.). Врезка сети ВК (К2) подтекает. Имеются меловые следы симметрично расположению емкости для сбора воды.;;;
45;1;189;;Собственник 47;13.10.2017;500/D-798194434;1;16,6;0,264483;0,264;500/853-13576;паспорт гражданина РБ;Н47;Первомайское РУВД г.Минска;17.12.2010;ИН47;;;;;;;;;;;179А/45-53;07.12.2017;л. 4-1;33-34/А1-Б1;88.109.0.28-АР-14;1-ый подземный;участок эксплуатируемой кровли;;;;
46;1;190;;Собственник 48;13.10.2017;500/D-798194435;1;16,9;0,269263;0,269;500/853-13575;паспорт гражданина РБ;Н48;Первомайское РУВД г.Минска;01.09.2015;ИН48;;;;;;;;;;;179А/46-52;07.12.2017;л. 4-1;33-34/А1-Б1;88.109.0.28-АР-14;1-ый подземный;участок эксплуатируемой кровли;;;;
47;1;191;;Собственник 49;15.12.2017;500/D-798197358;1;20;0,318654;0,319;500/811-4988;паспорт гражданина РБ;Н49;Первомайское РУВД г.Минска;06.07.2010;ИН49;;;;;;;;;;;179А/47-142;17.12.2017;л. 4-1;34-35/А1-Б1;88.109.0.28-АР-14;1-ый подземный;участок эксплуатируемой кровли;;;;
48;1;192;;Собственник 50;15.12.2017;500/D-798197497;1;20,2;0,321841;0,322;500/574-3105;паспорт гражданина РБ;Н50;Центральное РУВД г.Минска;15.02.2019;ИН50;;;;;;;;;;;179А/48-245;22.01.2018;л. 4-1;34-35/А1-Б1;88.109.0.28-АР-14;1-ый подземный;;;;;
49;1;193;;Собственник 51;30.06.2017;500/D-798188007;1;19,9;0,317061;0,317;500/1323-8374;справка из реестра предприятий Латвийской Республики;Н51;;28.03.2003;ИН51;;;;;;;;;;;;;л. 4-1;35-36/А1-Б1;88.109.0.28-АР-14;1-ый подземный;;;;;
50;1;194;;Собственник 52;30.06.2017;500/D-798188008;1;20,1;0,320247;0,32;500/1323-8375;справка из реестра предприятий Латвийской Республики;Н52;;28.03.2003;ИН52;;;;;;;;;;;;;л. 4-1;35-36/А1-Б1;88.109.0.28-АР-14;1-ый подземный;;;;;
51;1;195;;Собственник 53;15.03.2018;500/D-798200315;1;46,8;0,74565;0,746;500/1422-9854;паспорт гражданина РБ;Н53;Партизанское РУВД г.Минска;22.08.2017;ИН53;;;;;;;;;;;179А/51-280;14.03.2018;л. 4-1;36-37/А1-Б1;88.109.0.28-АР-14;1-ый подземный;;;;;
52;1;196;;Собственник 54;30.06.2017;500/D-798188009;1;27,6;0,439743;0,44;500/1323-8376;справка из реестра предприятий Латвийской Республики;Н54;;28.03.2003;ИН54;;;;;;;;;;;;;л. 4-1;33-34/В1-Г1;88.109.0.28-АР-14;1-ый подземный;;;;;
53;1;197;;Собственник 55;13.10.2017;500/D-798194436;1;28;0,446116;0,446;500/853-13577;паспорт гражданина РБ;Н55;Минское РУВД Минской области;26.11.2014;ИН55;;;;;;;;;;;179А/53-54;07.12.2017;л. 4-1;33-34/В1-Г1;88.109.0.28-АР-14;1-ый подземный;;;;;
54;1;181;;Собственник 56;21.08.2017;500/D-798192933;1;23,5;0,374418;0,374;500/1452-7191;вид на жительство РБ;Н56;Первомайское РУВД г.Минска;06.02.2015;ИН56;;;;;;;;;;;179А/54-15;02.12.2017;л. 4-1;31-32/В1-Г1;88.109.0.28-АР-14;1-ый подземный;;;;;
55;1;180;;Собственник 57;27.03.2018;500/D-798200610;1;16,6;0,264483;0,264;500/702-6231;паспорт гражданина РБ;Н57;Первомайское РУВД г.Минска;21.10.2016;ИН57;;;;;;;;;;;179А/55-;12.03.2018;л. 4-1;30-31/В1-Г1;88.109.0.28-АР-14;1-ый подземный;;;;;
56;1;179;;Собственник 58;27.03.2018;500/D-798200611;1;16,6;0,264483;0,264;500/702-6232;паспорт гражданина РБ;Н58;Первомайское РУВД г.Минска;21.10.2016;ИН58;;;;;;;;;;;179А/56-;12.03.2018;л. 4-1;30-31/В1-Г1;88.109.0.28-АР-14;1-ый подземный;;;;;
57;1;178;;Собственник 59;04.12.2017;500/D-798194356;1;16,5;0,26289;0,263;500/849-6813;паспорт гражданина РБ;Н59;Первомайское РУВД г.Минска;25.04.2019;ИН59;;;;;;;;;;;179А/57-71;09.12.2017;л. 4-1;29-30/В1-Г1;88.109.0.28-АР-14;1-ый подземный;;;;;
58;1;177;;Собственник 60;25.09.2017;500/D-798194358;1;16,6;0,264483;0,264;500/1141-7140;паспорт гражданина РБ;Н60;Советское РУВД г.Минска;04.07.2016;ИН60;;;;;;;;;;;179А/58-27;02.12.2017;л. 4-1;29-30/В1-Г1;88.109.0.28-АР-14;1-ый подземный;;;;;
59;1;176;;Собственник 61;19.10.2020;500/D-798194359;1;16,7;0,266076;0,266;500/487-13636;паспорт гражданина РБ;Н61;Первомайское РУВД г.Минска;05.04.2011;ИН61;;;;;;;;;;;179А/59-361;31.10.2020;л. 4-1;28-29/В1-Г1;88.109.0.28-АР-14;1-ый подземный;;;;;
60;1;134;;Собственник 62;04.08.2017;500/D-798192371;1;16,5;0,26289;0,263;500/747-8736;паспорт гражданина РБ;Н62;Первомайское РУВД г.Минска;27.07.2011;ИН62;;;;;;;;;;;179А/60-195;08.01.2018;л. 3-1;28-29/В1-Г1;88.109.0.28-АР-13;1-ый подземный;;;;;
61;1;133;;Собственник 63;04.08.2017;500/D-798192366;1;18,9;0,301128;0,301;500/519-3407;паспорт гражданина РБ;Н63;Первомайское РУВД г.Минска;08.04.2015;ИН63;;;;;;;;;;;179А/61-322;25.09.2019;л. 3-1;26-27/В1-Г1;88.109.0.28-АР-13;1-ый подземный;;;;;
62;1;132;;Собственник 64;14.12.2017;500/D-798196354;1;16,6;0,264483;0,264;500/999-13430;паспорт гражданина РБ;Н64;Первомайское РУВД г.Минска;04.04.2014;ИН64;;;;;;;;;;;179А/62-117;14.12.2017;л. 3-1;26-27/В1-Г1;88.109.0.28-АР-13;1-ый подземный;;;;;
63;1;131;;Собственник 65;13.07.2017;500/D-798190634;1;16,4;0,261296;0,261;500/850-7636;паспорт гражданина РБ;Н65;Первомайское РУВД г.Минска;27.08.2010;ИН65;;;;;;;;;;;179А/63-126;15.12.2017;л. 3-1;25-26/В1-Г1;88.109.0.28-АР-13;1-ый подземный;;;;;
64;1;130;;Собственник 66;19.03.2018;500/D-798200186;1;17;0,270856;0,271;500/853-14264;паспорт гражданина РБ;Н66;Первомайское РУВД г.Минска;;ИН66;;;;;;;;;;;179А/64-250;29.01.2018;л. 3-1;25-26/В1-Г1;88.109.0.28-АР-13;1-ый подземный;;;;;
65;1;129;;Собственник 67;06.12.2017;500/D-798197333;1;33;0,525779;0,526;500/526-5048;паспорт гражданина РБ;Н67;Первомайское РУВД г.Минска;13.01.2020;ИН67;;;;;;;;;;;179А/65-74;09.12.2017;л. 3-1;24-25/В1-Г1;88.109.0.28-АР-13;1-ый подземный;;;;;
66;1;128;;Собственник 68;28.11.2017;500/D-798196952;1;17,1;0,272449;0,272;500/691-11890;паспорт гражданина РБ;Н68;Первомайское РУВД г.Минска;28.01.2015;ИН68;;;;;;;;;;;179А/66-85;10.12.2017;л. 3-1;23-24/В1-Г1;88.109.0.28-АР-13;1-ый подземный;;;;;
67;1;127;;Собственник 69;01.06.2017;500/D-798187966;1;16,9;0,269263;0,269;500/747-8402;паспорт гражданина РБ;Н69;Фрунзенское РУВД г.Минска;19.02.2003;ИН69;;;;;;;;;;;179А/67-147;18.12.2017;л. 3-1;23-24/В1-Г1;88.109.0.28-АР-13;1-ый подземный;;;;;
68;1;126;;Собственник 70;01.06.2017;500/D-798187967;1;16,9;0,269263;0,269;500/238-9523;паспорт гражданина РБ;Н70;Первомайское РУВД г.Минска;10.03.2003;ИН70;;;;;;;;;;;179А/68-145;18.12.2017;л. 3-1;22-23/В1-Г1;88.109.0.28-АР-13;1-ый подземный;;;;;
69;1;125;;Собственник 71;01.06.2017;500/D-798187968;1;16,6;0,264483;0,264;500/238-9524;паспорт гражданина РБ;Н71;Первомайское РУВД г.Минска;10.03.2003;ИН71;;;;;;;;;;;179А/69-146;18.12.2017;л. 3-1;22-23/В1-Г1;88.109.0.28-АР-13;1-ый подземный;;;;;
70;1;124;;Собственник 72;12.07.2017;500/D-798190520;1;19,5;0,310688;0,311;500/959-3625;паспорт гражданина РБ;Н72;Первомайское РУВД г.Минска;04.01.2020;ИН72;;;;;;;;;;;179А/70-123;15.12.2017;л. 3-1;16-17/В-Г;88.109.0.28-АР-13;1-ый подземный;;;;;
71;1;123;;Собственник 73;21.07.2017;500/D-798191033;1;16,2;0,25811;0,258;500/714-15887;паспорт гражданина РБ;Н73;Первомайское РУВД г.Минска;01.03.2016;ИН73;;;;;;;;;;;179А/71-104;12.12.2017;л. 3-1;16-17/В-Г;88.109.0.28-АР-13;1-ый подземный;;;;;
72;1;122;;Собственник 74;14.06.2017;500/D-798188925;1;16,8;0,267669;0,268;500/1488-6799;паспорт гражданина РБ;Н74;Первомайское РУВД г.Минска;02.08.2013;ИН74;;;;;;;;;;;179А/72-9;02.12.2017;л. 3-1;15-16/В-Г;88.109.0.28-АР-13;1-ый подземный;;;;;
73;1;79;;Собственник 75;10.01.2018;500/D-798197869;1;16,6;0,264483;0,264;500/723-7360;паспорт гражданина РБ;Н75;Первомайское РУВД г.Минска;09.01.2017;ИН75;;;;;;;;;;;179А/73-203;10.01.2018;л. 2-1;15-16/В-Г;88.109.0.28-АР-12;1-ый подземный;;;;;
74;1;78;;Собственник 76;02.09.2017;500/D-798192922;1;16,5;0,26289;0,263;500/191-7393;паспорт гражданина РБ;Н76;Первомайское РУВД г.Минска;01.03.2013;ИН76;;;;;;;;;;;179А/74-21;02.12.2017;л. 2-1;14-15/В-Г;88.109.0.28-АР-12;1-ый подземный;;;;;
75;1;77;;Собственник 77;16.11.2017;500/D-798196917;1;16,7;0,266076;0,266;500/D-798196917;паспорт гражданина РБ;Н77;Первомайское РУВД г.Минска;08.11.2017;ИН77;;;;;;;;;;;179А/75-61;09.12.2017;л. 2-1;14-15/В-Г;88.109.0.28-АР-12;1-ый подземный;;;;;
76;1;76;;Собственник 78;06.08.2019;500/D-798196923;1;16,7;0,266076;0,266;500/1801-1045;паспорт гражданина РБ;Н78;Фрунзенское РУВД г.Минска;31.08.2011;ИН78;;;;;;;;;;;179А/76-326;16.10.2019;л. 2-1;13-14/В-Г;88.109.0.28-АР-12;1-ый подземный;;;;;
77;1;75;;Собственник 79;28.11.2017;500/D-798196924;1;16,6;0,264483;0,264;500/959-3944;паспорт гражданина РБ;Н79;Смолевичский РОВД Минской области;08.04.2019;ИН79;;;;;;;;;;;179А/77-238;19.01.2018;л. 2-1;13-14/В-Г;88.109.0.28-АР-12;1-ый подземный;;;;;
78;1;74;;Собственник 80;21.03.2018;500/D-798201050;1;16,6;0,264483;0,264;500/999-13988;паспорт гражданина РБ;Н80;Первомайское РУВД г.Минска;04.03.2013;ИН80;;;;;;;;;;;179А/78-190;05.01.2018;л. 2-1;12-13/В-Г;88.109.0.28-АР-12;1-ый подземный;;;;;
79;1;73;;Собственник 81;05.06.2017;500/D-798188926;1;16,7;0,266076;0,266;500/999-12746;паспорт гражданина РБ;Н81;Первомайское РУВД г.Минска;27.06.2003;ИН81;;;;;;;;;;;179А/79-10;02.12.2017;л. 2-1;12-13/В-Г;88.109.0.28-АР-12;1-ый подземный;;;;;
80;1;72;;Собственник 82;15.09.2017;500/D-798194190;1;19,9;0,317061;0,317;500/856-7240;паспорт гражданина РБ;Н82;Первомайское РУВД г.Минска;28.11.2016;ИН82;;;;;;;;;;;179А/80-155;19.12.2017;л. 2-1;11-12/В-Г;88.109.0.28-АР-12;1-ый подземный;;;;;
81;1;71;;Собственник 83;15.09.2017;500/D-798194191;1;19,8;0,315467;0,315;500/856-7241;паспорт гражданина РБ;Н83;Первомайское РУВД г.Минска;28.11.2016;ИН83;;;;;;;;;;;179А/81-154;19.12.2017;л. 2-1;11-12/В-Г;88.109.0.28-АР-12;1-ый подземный;;;;;
82;1;70;;Собственник 84;30.06.2017;500/D-798188010;1;16,5;0,26289;0,263;500/1323-8377;справка из реестра предприятий Латвийской Республики;Н84;;28.03.2003;ИН84;;;;;;;;;;;;;л. 2-1;10-11/В-Г;88.109.0.28-АР-12;1-ый подземный;;;;;
83;1;69;;Собственник 85;20.07.2017;500/D-798190547;1;18,7;0,297941;0,298;500/274-2665;паспорт гражданина РБ;Н85;Первомайское РУВД г.Минска;23.09.2015;ИН85;;;;;;;;;;;179А/83-143;17.12.2017;л. 2-1;10-11/В-Г;88.109.0.28-АР-12;1-ый подземный;;;;;
84;1;68;;Собственник 86;05.08.2017;500/D-798192464;1;19,7;0,313874;0,314;500/999-12985;паспорт гражданина РБ;Н86;Советское РУВД г.Минска;28.08.2001;ИН86;;;;;;;;;;;179А/84-165;22.12.2017;л. 2-1;9-10/В-Г;88.109.0.28-АР-12;1-ый подземный;;;;;
85;1;67;;Собственник 87;09.12.2017;500/D-798196953;1;19,8;0,315467;0,315;500/744-16462;паспорт гражданина РБ;Н87;Первомайское РУВД г.Минска;26.03.2018;ИН87;;;;;;;;;;;179А/85-133;16.12.2017;л. 2-1;9-10/В-Г;88.109.0.28-АР-12;1-ый подземный;;;;;
86;1;66;;Собственник 88;19.12.2017;500/D-798197370;1;19,8;0,315467;0,315;500/771-13162;паспорт гражданина РБ;Н88;Центральное РУВД г.Минска;14.05.2015;ИН88;;;;;;;;;;;179А/86-115;13.12.2017;л. 2-1;8-9/В-Г;88.109.0.28-АР-12;1-ый подземный;;;;;
87;1;65;;Собственник 89;02.06.2017;500/D-798188242;1;20;0,318654;0,319;500/1488-6750;паспорт гражданина РБ;Н89;Первомайское РУВД г.Минска;06.07.2017;ИН89;;;;;;;;;;;179А/87-183;31.12.2017;л. 2-1;8-9/В-Г;88.109.0.28-АР-12;1-ый подземный;;;;;
88;1;19;;Собственник 90;27.12.2017;500/D-798196948;1;23,8;0,379198;0,379;500/1569-4571;паспорт гражданина РБ;Н90;Первомайское РУВД г.Минска;17.04.2019;ИН90;;;;;;;;;;;179А/88-219;13.01.2018;л. 1-1;7-8/В-Г;88.109.0.28-АР-11;1-ый подземный;;;;;
89;1;18;;Собственник 91;14.06.2017;500/D-798188920;1;24,8;0,395131;0,395;500/1452-6842;паспорт гражданина РБ;Н91;Первомайское РУВД г.Минска;14.03.2012;ИН91;;;;;;;;;;;179А/89-52;05.12.2017;л. 1-1;6-7/В-Г;88.109.0.28-АР-11;1-ый подземный;;;;;
90;1;17;;Собственник 92;30.06.2017;500/D-798188011;1;17,2;0,274042;0,274;500/1323-8378;справка из реестра предприятий Латвийской Республики;Н92;;28.03.2003;ИН92;;;;;;;;;;;;;л. 1-1;6-7/В-Г;88.109.0.28-АР-11;1-ый подземный;;;;;
91;1;16;;Собственник 93;30.06.2017;500/D-798188012;1;17;0,270856;0,271;500/1323-8371;справка из реестра предприятий Латвийской Республики;Н93;;28.03.2003;ИН93;;;;;;;;;;;;;л. 1-1;5-6/В-Г;88.109.0.28-АР-11;1-ый подземный;;;;;
92;1;15;;Собственник 94;09.12.2017;500/D-798194446;1;23,8;0,379198;0,379;500/853-13494;вид на жительство РБ;Н94;Первомайское РУВД г.Минска;08.09.2017;ИН94;;;;;;;;;;;179А/92-79;09.12.2017;л. 1-1;4-6/В-Г;88.109.0.28-АР-11;1-ый подземный;;;;;
93;1;14;;Собственник 95;31.05.2017;500/D-798188236;1;24,2;0,385571;0,386;500/469-9047;паспорт гражданина РБ;Н95;Первомайское РУВД г.Минска;26.04.2019;ИН95;;;;;;;;;;;179А/93-13;02.12.2017;л. 1-1;7-8/Г-Д;88.109.0.28-АР-11;1-ый подземный;;;;;
94;1;50;;Собственник 96;31.05.2017;500/D-798189263;1;19,8;0,315467;0,315;500/469-9048;паспорт гражданина РБ;Н96;Первомайское РУВД г.Минска;07.07.2016;ИН96;;;;;;;;;;;179А/94-12;02.12.2017;л. 2-1;8-9/Г-Д;88.109.0.28-АР-12;1-ый подземный;;;;;
95;1;51;;Собственник 97;11.07.2017;500/D-798191381;1;20,1;0,320247;0,32;500/654-9767;паспорт гражданина РБ;Н97;Фрунзенское РУВД г.Минска;05.01.2012;ИН97;;;;;;;;;;;179А/95-94;11.12.2017;л. 2-1;8-9/Г-Д;88.109.0.28-АР-12;1-ый подземный;;;;;
96;1;52;;Собственник 98;05.06.2017;500/D-798188225;1;19,9;0,317061;0,317;500/1488-6760;паспорт гражданина РБ;Н98;Первомайское РУВД г.Минска;11.09.2018;ИН98;;;;;;;;;;;179А/96-72;09.12.2017;л. 2-1;9-10/Г-Д;88.109.0.28-АР-12;1-ый подземный;;;;;
97;1;53;;Собственник 99;05.06.2017;500/D-798188226;1;19,9;0,317061;0,317;500/1488-6761;паспорт гражданина РБ;Н99;Первомайское РУВД г.Минска;11.09.2018;ИН99;;;;;;;;;;;179А/97-73;09.12.2017;л. 2-1;9-10/Г-Д;88.109.0.28-АР-12;1-ый подземный;;;;;
98;1;54;;Собственник 100;27.10.2017;500/D-798188013;1;18,9;0,301128;0,301;500/1642-2770;паспорт гражданина РБ;Н100;Заводское РУВД г.Минска;31.01.2011;ИН100;;;;;;;;;;;179А/98-19;02.12.2017;л. 2-1;10-11/Г-Д;88.109.0.28-АР-12;1-ый подземный;;;;;
99;1;55;;Собственник 101;07.12.2017;500/D-798196949;1;16,3;0,259703;0,26;500/811-4846;паспорт гражданина РБ;Н101;Первомайское РУВД г.Минска;13.05.2011;ИН101;;;;;;;;;;;179А/99-178;27.12.2017;л. 2-1;10-11/Г-Д;88.109.0.28-АР-12;1-ый подземный;;;;;
100;1;56;;Собственник 102;15.11.2017;500/D-798195749;1;19,9;0,317061;0,317;500/1738-1391;паспорт гражданина РФ;Н102;ОУФМС России по Ханты-Мансийскому Автономному окр.-ЮГРЕ в гор.Нижневаторске;22.10.2008;ИН102;;;;;;;;;;;179А/100-213;12.01.2018;л. 2-1;11-12/Г-Д;88.109.0.28-АР-12;1-ый подземный;;;;;
101;1;57;;Собственник 103;26.01.2018;500/D-798199125;1;19,9;0,317061;0,317;500/1452-7770;паспорт гражданина РБ;Н103;Первомайское РУВД г.Минска;18.06.2018;ИН103;;;;;;;;;;;179А/101-93;11.12.2017;л. 2-1;11-12/Г-Д;88.109.0.28-АР-12;1-ый подземный;;;;;
102;1;58;;Собственник 104;04.12.2017;500/D-798197321;1;16,7;0,266076;0,266;500/856-7544;паспорт гражданина РБ;Н104;Первомайское РУВД г.Минска;05.10.2020;ИН104;;;;;;;;;;;179А/102-50;05.12.2017;л. 2-1;12-13/Г-Д;88.109.0.28-АР-12;1-ый подземный;;;;;
103;1;59;;Собственник 105;05.12.2017;500/D-798196908;1;16,7;0,266076;0,266;500/1452-7508;паспорт гражданина РБ;Н105;Советское РУВД г.Минска;18.08.2011;ИН105;;;;;;;;;;;179А/103-51;05.12.2017;л. 2-1;12-13/Г-Д;88.109.0.28-АР-12;1-ый подземный;;;;;
104;1;60;;Собственник 106;14.07.2017;500/D-798191395;1;16,7;0,266076;0,266;500/999-12892;паспорт гражданина РБ;Н106;Минское РУВД Минской области;30.08.2012;ИН106;;;;;;;;;;;179А/104-240;20.01.2018;л. 2-1;13-14/Г-Д;88.109.0.28-АР-12;1-ый подземный;;;;;
105;1;61;;Собственник 107;18.07.2017;500/D-798191415;1;16,6;0,264483;0,264;500/744-16063;паспорт гражданина РБ;Н107;Минское РУВД Минской области;13.02.2015;ИН107;;;;;;;;;;;179А/105-241;20.01.2018;л. 2-1;13-14/Г-Д;88.109.0.28-АР-12;1-ый подземный;;;;;
106;1;62;;Собственник 108;24.07.2017;500/D-798191163;1;16,7;0,266076;0,266;500/1135-6965;паспорт гражданина РБ;Н108;Первомайское РУВД г.Минска;28.03.2013;ИН108;;;;;;;;;;;179А/106-88;10.12.2017;л. 2-1;14-15/Г-Д;88.109.0.28-АР-12;1-ый подземный;;;;;
107;1;63;;Собственник 109;27.07.2017;500/D-798191403;1;16,6;0,264483;0,264;500/1569-4150;паспорт гражданина РБ;Н109;Первомайское РУВД г.Минска;01.04.1999;ИН109;;;;;;;;;;;179А/107-6;01.12.2017;л. 2-1;14-15/Г-Д;88.109.0.28-АР-12;1-ый подземный;;;;;
108;1;64;;Собственник 110;25.05.2019;500/D-798196922;1;32,3;0,514626;0,515;500/539-9354;паспорт гражданина РБ;Н110;Октябрьское РУВД г.Минска;17.02.2017;ИН110;;;;;;;;;;;179А/108-;21.06.2019;л. 2-1;15-16/Г-Д;88.109.0.28-АР-12, 88.109.0.28-АР-13;1-ый подземный;;;;;
109;1;107;;Собственник 111;24.10.2017;500/D-798195349;1;16,1;0,256516;0,257;500/1141-7245;паспорт гражданина РБ;Н111;Минское РУВД Минской области;07.10.2015;ИН111;;;;;;;;;;;179А/109-153;18.12.2017;л. 3-1;16-17/Г-Д;88.109.0.28-АР-13;1-ый подземный;;;;;
110;1;108;;Собственник 112;05.06.2017;500/D-798188922;1;19,1;0,304315;0,304;500/659-16483;паспорт гражданина РБ;Н112;Первомайское РУВД г.Минска;20.11.2014;ИН112;;;;;;;;;;;179А/110-8;02.12.2017;л. 3-1;16-17/Г-Д;88.109.0.28-АР-13;1-ый подземный;;;;;
111;1;112;;Собственник 113;21.03.2018;500/D-798199941;1;16,6;0,264483;0,264;500/526-5467;паспорт гражданина РБ;Н113;Первомайское РУВД г.Минска;08.11.2016;ИН113;;;;;;;;;;;179А/111-102;12.12.2017;л. 3-1;22-23/Г1-Д1;88.109.0.28-АР-13;1-ый подземный;;;;;
112;1;113;;Собственник 114;14.05.2018;500/D-798201455;1;16,6;0,264483;0,264;500/1393-10600;паспорт гражданина РБ;Н114;Первомайское РУВД г.Минска;03.11.2010;ИН114;;;;;;;;;;;179А/112-266;19.02.2018;л. 3-1;23-24/Г1-Д1;88.109.0.28-АР-13;1-ый подземный;;;;;
113;1;114;;Собственник 115;03.03.2018;500/D-798200311;1;16,7;0,266076;0,266;500/291-8924;паспорт гражданина РБ;Н115;Первомайское РУВД г.Минска;20.06.2019;ИН115;;;;;;;;;;;179А/113-261;14.02.2018;л. 3-1;23-24/Г1-Д1;88.109.0.28-АР-13;1-ый подземный;;;;;
114;1;115;;Собственник 116;15.12.2017;500/D-798197524;1;16,6;0,264483;0,264;500/526-5090;паспорт гражданина РБ;Н116;Первомайское РУВД г.Минска;24.10.2019;ИН116;;;;;;;;;;;179А/114-119;14.12.2017;л. 3-1;24-25/Г1-Д1;88.109.0.28-АР-13;1-ый подземный;;;;;
115;1;116;;Собственник 117;15.12.2017;500/D-798197525;1;17;0,270856;0,271;500/526-5091;паспорт гражданина РБ;Н117;Первомайское РУВД г.Минска;24.10.2019;ИН117;;;;;;;;;;;179А/115-120;14.12.2017;л. 3-1;24-25/Г1-Д1;88.109.0.28-АР-13;1-ый подземный;;;;;
116;1;117;;Собственник 118;06.11.2020;500/D-798196590;1;16,6;0,264483;0,264;500/772-7030;паспорт гражданина РБ;Н118;Первомайское РУВД г.Минска;21.07.2014;ИН118;;;;;;;;;;;179А/116-365;06.11.2020;л. 3-1;25-26/Г1-Д1;88.109.0.28-АР-13;1-ый подземный;;;;;
117;1;118;;Собственник 119;10.11.2020;500/D-798193608;1;16,6;0,264483;0,264;500/1865-594;паспорт гражданина РБ;Н119;Первомайское РУВД г.Минска;16.03.2015;ИН119;;;;;;;;;;;179А/117-366;10.11.2020;л. 3-1;25-26/Г1-Д1;88.109.0.28-АР-13;1-ый подземный;;;;;
118;1;119;;Собственник 120;29.07.2017;500/D-798191399;1;16,6;0,264483;0,264;500/853-13138;паспорт гражданина РБ;Н120;Фрунзенское РУВД г.Минска;22.08.2007;ИН120;;;;;;;;;;;179А/118-268;20.02.2018;л. 3-1;26-27/Г1-Д1;88.109.0.28-АР-13;1-ый подземный;;;;;
119;1;120;;Собственник 121;29.07.2017;500/D-798191413;1;18,9;0,301128;0,301;500/115-9642;паспорт гражданина РБ;Н121;Фрунзенское РУВД г.Минска;07.07.2010;ИН121;;;;;;;;;;;179А/119-269;20.02.2018;л. 3-1;26-27/Г1-Д1;88.109.0.28-АР-13;1-ый подземный;;;;;
120;1;121;;Собственник 122;30.06.2017;500/D-798188014;1;16,6;0,264483;0,264;500/1323-8369;справка из реестра предприятий Латвийской Республики;Н122;;28.03.2003;ИН122;;;;;;;;;;;;;л. 3-1;28-29/Г1-Д1;88.109.0.28-АР-13;1-ый подземный;;;;;
121;1;169;;Собственник 123;26.08.2017;500/D-798193590;1;16,5;0,26289;0,263;500/291-8216;паспорт гражданина РБ;Н123;Первомайское РУВД г.Минска;22.03.2010;ИН123;;;;;;;;;;;179А/121-201;10.01.2018;л. 4-1;28-29/Г1-Д1;88.109.0.28-АР-14;1-ый подземный;;;;;
122;1;170;;Собственник 124;23.11.2018;500/D-798787778;1;16,8;0,267669;0,268;500/115-11103;паспорт гражданина РБ;Н124;Первомайское РУВД г.Минска;08.04.2014;ИН124;;;;;;;;;;;179А/122-263;19.02.2018;л. 4-1;29-30/Г1-Д1;88.109.0.28-АР-14;1-ый подземный;;;;;
123;1;171;;Собственник 125;23.11.2018;500/D-798787326;1;16,6;0,264483;0,264;500/115-11106;паспорт гражданина РБ;Н125;Первомайское РУВД г.Минска;08.04.2014;ИН125;;;;;;;;;;;179А/123-264;19.02.2018;л. 4-1;29-30/Г1-Д1;88.109.0.28-АР-14;1-ый подземный;;;;;
124;1;172;;Собственник 126;14.07.2017;500/D-798191402;1;16,7;0,266076;0,266;500/519-3318;паспорт гражданина РБ;Н126;Первомайское РУВД г.Минска;25.05.2016;ИН126;;;;;;;;;;;179А/124-89;10.12.2017;л. 4-1;30-31/Г1-Д1;88.109.0.28-АР-14;1-ый подземный;;;;;
125;1;173;;Собственник 127;02.11.2017;500/D-798195802;1;16,6;0,264483;0,264;500/723-7050;паспорт гражданина РБ;Н127;Партизанское РУВД г.Минска;16.11.2016;ИН127;;;;;;;;;;;179А/125-81;09.12.2017;л. 4-1;30-31/Г1-Д1;88.109.0.28-АР-14;1-ый подземный;;;;;
126;1;174;;Собственник 128;02.11.2017;500/D-798195803;1;18,1;0,288382;0,288;500/723-7049;паспорт гражданина РБ;Н128;Первомайское РУВД г.Минска;29.06.2015;ИН128;;;;;;;;;;;179А/126-82;09.12.2017;л. 4-1;31-32/Г1-Д1;88.109.0.28-АР-14;1-ый подземный;;;;;
127 (1);1;175;;Собственник 129;14.05.2018;500/D-798190633;0,5;10,6;0,168887;0,169;500/311-18523;паспорт гражданина РБ;Н129;Партизанское РУВД г.Минска;19.09.2017;ИН129;;;;;;;;;;;179А/127-;;л. 4-1;31-32/Г1-Д1;88.109.0.28-АР-14;1-ый подземный;;;;;
127 (2);1;175;;Собственник 130;14.05.2018;500/D-798190633;0,5;10,6;0,168887;0,169;500/311-18523;паспорт гражданина РБ;Н130;Первомайское РУВД г.Минска;29.10.2013;ИН130;;;;;;;;;;;179А/127-;;л. 4-1;31-32/Г1-Д1;88.109.0.28-АР-14;1-ый подземный;;;;;
128;1;163;;Собственник 131;07.04.2018;500/D-798190517;1;20;0,318654;0,319;500/702-6159;паспорт гражданина РБ;Н131;Первомайское РУВД г.Минска;04.10.2016;ИН131;;;;;;;;;;;179А/128-244;22.01.2018;л. 4-1;31-32/Е1-Ж1;88.109.0.28-АР-14;1-ый подземный;;;;;
129;1;162;;Собственник 132;11.07.2017;500/D-798190642;1;19,8;0,315467;0,315;500/959-3722;паспорт гражданина РБ;Н132;Первомайское РУВД г.Минска;16.07.2015;ИН132;;;;;;;;;;;179А/129-4;01.12.2017;л. 4-1;31-32/Е1-Ж1;88.109.0.28-АР-14;1-ый подземный;;;;;
130;1;161;;Собственник 133;13.09.2019;500/D-798199965;1;16,7;0,266076;0,266;500/810-11618;паспорт гражданина РБ;Н133;Первомайское РУВД г.Минска;28.03.2018;ИН133;;;;;;;;;;;179А/130-321;18.09.2019;л. 4-1;30-31/Е1-Ж1;88.109.0.28-АР-14;1-ый подземный;;;;;
131;1;160;;Собственник 134;07.07.2020;500/D-798199966;1;16,8;0,267669;0,268;500/810-12477;паспорт гражданина РБ;Н134;Пуховичским РОВД Минской области;09.07.2014;ИН134;;;;;;;;;;;179А/131-351;07.07.2020;л. 4-1;30-31/Е1-Ж1;88.109.0.28-АР-14;1-ый подземный;;;;;
132;1;159;;Собственник 135;30.11.2017;500/D-798197313;1;33,1;0,527372;0,527;500/115-10108;паспорт гражданина РБ;Н135;Первомайское РУВД г.Минска;07.07.2016;ИН135;;;;;;;;;;;179А/132-98;12.12.2017;л. 4-1;29-30/Е1-Ж1;88.109.0.28-АР-14;1-ый подземный;;;;;
133;1;158;;Собственник 136;17.12.2019;500/D-798197863;1;16,8;0,267669;0,268;500/1797-1522;паспорт гражданина РБ;Н136;Заводское РУВД г.Минска;06.01.2012;ИН136;;;;;;;;;;;179А/133-343;25.03.2020;л. 4-1;28-29/Е1-Ж1;88.109.0.28-АР-14;1-ый подземный;;;;;
134;1;106;;Собственник 137;01.12.2017;500/D-798196901;1;16,8;0,267669;0,268;500/311-19844;паспорт гражданина РБ;Н137;Центральное РУВД г.Минска;20.06.2012;ИН137;;;;;;;;;;;179А/134-312;09.04.2019;л. 3-1;28-29/Е1-Ж1;88.109.0.28-АР-13;1-ый подземный;;;;;
135;1;105;;Собственник 138;10.07.2019;500/D-798198496;1;19,1;0,304315;0,304;500/423-14839;паспорт гражданина РБ;Н138;Фрунзенское РУВД г.Минска;15.05.2017;ИН138;;;;;;;;;;;179А/135-317;11.07.2019;л. 3-1;26-27/Е1-Ж1;88.109.0.28-АР-13;1-ый подземный;;;;;
136;1;104;;Собственник 139;26.09.2019;500/D-798198484;1;16,8;0,267669;0,268;500/1808-848;паспорт гражданина РБ;Н139;Первомайское РУВД г.Минска;30.05.2019;ИН139;;+375 25 531 83 36;;;;;;;;;179А/136-325;10.10.2019;л. 3-1;26-27/Е1-Ж1;88.109.0.28-АР-13;1-ый подземный;;;;;
137;1;103;;Собственник 140;16.10.2017;500/D-798194390;1;16,6;0,264483;0,264;500/1452-7316;паспорт гражданина РБ;Н140;Первомайское РУВД г.Минска;08.02.2019;ИН140;;;;;;;;;;;179А/137-193;06.01.2018;л. 3-1;25-26/Е1-Ж1;88.109.0.28-АР-13;1-ый подземный;;;;;
138;1;102;;Собственник 141;30.10.2017;500/D-798194383;1;16,8;0,267669;0,268;500/714-16274;паспорт гражданина РБ;Н141;Первомайское РУВД г.Минска;27.06.2011;ИН141;;;;;;;;;;;179А/138-138;16.12.2017;л. 3-1;25-26/Е1-Ж1;88.109.0.28-АР-13;1-ый подземный;;;;;
139;1;101;;Собственник 142;21.03.2018;500/D-798199300;1;17,1;0,272449;0,272;500/849-7354;паспорт гражданина РБ;Н142;Первомайское РУВД г.Минска;02.12.2014;ИН142;;;;;;;;;;;179А/139-252;01.02.2018;л. 3-1;24-25/Е1-Ж1;88.109.0.28-АР-13;1-ый подземный;;;;;
140;1;100;;Собственник 143;20.10.2020;500/D-798197323;1;16,9;0,269263;0,269;500/1865-535;паспорт гражданина РБ;Н143;Минское РУВД Минской области;21.12.2018;ИН143;;;;;;;;;;;179А/140-362;06.11.2020;л. 3-1;24-25/Е1-Ж1;88.109.0.28-АР-13;1-ый подземный;;;;;
141;1;99;;Собственник 144;01.09.2017;500/D-798193607;1;16,9;0,269263;0,269;500/1452-7249;паспорт гражданина РБ;Н144;Первомайское РУВД г.Минска;04.02.2013;ИН144;;;;;;;;;;;179А/141-194;06.01.2018;л. 3-1;23-24/Е1-Ж1;88.109.0.28-АР-13;1-ый подземный;;;;;
142;1;98;;Собственник 145;14.04.2018;500/D-798201066;1;16,6;0,264483;0,264;500/850-8474;паспорт гражданина РБ;Н145;Первомайское РУВД г.Минска;19.05.2020;ИН145;;;;;;;;;;;179А/142-231;14.01.2018;л. 3-1;23-24/Е1-Ж1;88.109.0.28-АР-13;1-ый подземный;;;;;
143;1;97;;Собственник 146;06.04.2018;500/D-798201460;1;24;0,382385;0,382;500/999-14081;паспорт гражданина РБ;Н146;Первомайское РУВД г.Минска;14.04.2015;ИН146;;;;;;;;;;;179А/143-116;13.12.2017;л. 3-1;20-21/Е(Е1)-Ж(Ж1);88.109.0.28-АР-13;1-ый подземный;;;;;
144;1;96;;Собственник 147;16.09.2017;500/D-798194201;1;16,7;0,266076;0,266;500/959-3832;паспорт гражданина РБ;Н147;Первомайское РУВД г.Минска;01.03.2012;ИН147;;;;;;;;;;;179А/144-18;02.12.2017;л. 3-1;16-17/Е-Ж;88.109.0.28-АР-13;1-ый подземный;;;;;
145;1;95;;Собственник 148;05.12.2017;500/D-798194195;1;16,6;0,264483;0,264;500/526-4927;паспорт гражданина РБ;Н148;Ленинское РУВД г.Минска;23.09.2015;ИН148;;;;;;;;;;;179А/145-107;12.12.2017;л. 3-1;16-17/Е-Ж;88.109.0.28-АР-13;1-ый подземный;;;;;
146;1;94;;Собственник 149;04.09.2017;500/D-798191416;1;16,7;0,266076;0,266;500/1135-7106;паспорт гражданина РБ;Н149;Первомайское РУВД г.Минска;13.02.2017;ИН149;;;;;;;;;;;179А/146-181;29.12.2017;л. 3-1;15-16/Е-Ж;88.109.0.28-АР-13;1-ый подземный;;;;;
147;1;49;;Собственник 150;04.09.2017;500/D-798191412;1;16,7;0,266076;0,266;500/1135-7107;паспорт гражданина РБ;Н150;Первомайское РУВД г.Минска;13.02.2017;ИН150;;;;;;;;;;;179А/147-181;29.12.2017;л. 2-1;15-16/Е-Ж;88.109.0.28-АР-12;1-ый подземный;;;;;
148;1;48;;Собственник 151;15.11.2017;500/D-798195993;1;16,7;0,266076;0,266;500/191-7654;паспорт гражданина РБ;Н151;Первомайское РУВД г.Минска;20.01.2012;ИН151;;;;;;;;;;;179А/148-260;14.02.2018;л. 2-1;14-15/Г-Д;88.109.0.28-АР-12;1-ый подземный;;;;;
149;1;47;;Собственник 152;15.11.2017;500/D-798195952;1;16,7;0,266076;0,266;500/191-7653;паспорт гражданина РБ;Н152;Первомайское РУВД г.Минска;27.03.2014;ИН152;;;;;;;;;;;179А/149-259;14.02.2018;л. 2-1;14-15/Г-Д;88.109.0.28-АР-12;1-ый подземный;;;;;
150;1;46;;Собственник 153;29.10.2020;500/D-798201387;1;16,6;0,264483;0,264;500/795-13342;паспорт гражданина РБ;Н153;Партизанский РОВД г.Минска;11.03.1997;ИН153;;;;;;;;;;;179А/150-363;06.11.2020;л. 2-1;13-14/Г-Д;88.109.0.28-АР-12;1-ый подземный;;;;;
151;1;45;;Собственник 154;10.09.2020;500/D-798196605;1;16,8;0,267669;0,268;500/71-8686;паспорт гражданина Италии;Н154;Министр иностранных дел;29.01.2014;ИН154;;;;;;;;;;;179А/151-;11.09.2020;л. 2-1;13-14/Е-Ж;88.109.0.28-АР-12;1-ый подземный;;;;;
152;1;44;;Собственник 155;05.01.2018;500/D-798196954;1;32,9;0,524186;0,524;500/117-7536;паспорт гражданина РБ;Н155;Первомайское РУВД г.Минска;09.07.2004;ИН155;;;;;;;;;;;179А/152-;;л. 2-1;12-13/Е-Ж;88.109.0.28-АР-12;1-ый подземный;;;;;
153;1;43;;Собственник 156;30.06.2017;500/D-798188015;1;19,8;0,315467;0,315;500/1323-8368;справка из реестра предприятий Латвийской Республики;Н156;;28.03.2003;ИН156;;;;;;;;;;;;;л. 2-1;11-12/Г-Д;88.109.0.28-АР-12;1-ый подземный;;;;;
154;1;42;;Собственник 157;10.08.2017;500/D-798190548;1;19,8;0,315467;0,315;500/713-6047;паспорт гражданина РБ;Н157;Первомайское РУВД г.Минска;17.04.2019;ИН157;;;;;;;;;;;179А/154-64;08.12.2017;л. 2-1;11-12/Е-Ж;88.109.0.28-АР-12;1-ый подземный;;;;;
155;1;41;;Собственник 158;09.12.2017;500/D-798197124;1;16,3;0,259703;0,26;500/574-3072;паспорт гражданина РБ;Н158;Первомайское РУВД г.Минска;05.03.2016;ИН158;;;;;;;;;;;179А/155-68;09.12.2017;л. 2-1;10-11/Е-Ж;88.109.0.28-АР-12;1-ый подземный;;;;;
156;1;40;;Собственник 159;21.09.2017;500/D-798190626;1;18,7;0,297941;0,298;500/114-7730;паспорт гражданина РБ;Н159;Первомайское РУВД г.Минска;19.02.2013;ИН159;;;;;;;;;;;179А/193-25;02.12.2017;л. 2-1;10-11/Е-Ж;88.109.0.28-АР-12;1-ый подземный;;;;;
157;1;39;;Собственник 160;30.06.2017;500/D-798188016;1;19,4;0,309094;0,309;500/1323-8367;справка из реестра предприятий Латвийской Республики;Н160;;28.03.2003;ИН160;;;;;;;;;;;;;л. 2-1;9-10/Г-Д;88.109.0.28-АР-12;1-ый подземный;;;;;
158;1;38;;Собственник 161;16.11.2017;500/D-798195768;1;19,6;0,312281;0,312;500/713-6377;паспорт гражданина РБ;Н161;Первомайское РУВД г.Минска;11.12.2012;ИН161;;;;;;;;;;;179А/158-95;11.12.2017;л. 2-1;9-10/Е-Ж;88.109.0.28-АР-12;1-ый подземный;;;;;
159;1;37;;Собственник 162;25.04.2018;500/D-798201611;1;19,7;0,313874;0,314;500/771-13655;паспорт гражданина РБ;Н162;Первомайское РУВД г.Минска;31.03.2015;ИН162;;;;;;;;;;;179А/159-271;22.02.2018;л. 2-1;8-9/Г-Д;88.109.0.28-АР-12;1-ый подземный;;;;;
160;1;36;;Собственник 163;29.11.2017;500/D-798196591;1;19,7;0,313874;0,314;500/850-8121;паспорт гражданина РБ;Н163;Первомайское РУВД г.Минска;12.01.2017;ИН163;;;;;;;;;;;179А/160-237;19.01.2018;л. 2-1;8-9/Г-Д;88.109.0.28-АР-12;1-ый подземный;;;;;
161;1;10;;Собственник 164;18.07.2017;500/D-798191417;1;20;0,318654;0,319;500/1738-1016;паспорт гражданина РБ;Н164;Первомайское РУВД г.Минска;28.11.2013;ИН164;;;;;;;;;;;179А/161-217;13.01.2018;л. 1-1;7-8/Е-Ж;88.109.0.28-АР-11;1-ый подземный;;;;;
162;1;9;;Собственник 165;02.05.2018;500/D-798201420;1;19,8;0,315467;0,315;500/853-14384;паспорт гражданина РБ;Н165;Первомайское РУВД г.Минска;22.11.2017;ИН165;;;;;;;;;;;179А/162-291;08.05.2018;л. 1-1;7-8/Е-Ж;88.109.0.28-АР-11;1-ый подземный;;;;;
10001;1;1;279,5;Въезд для секций №1 и №2;;;;;;;;;;;;;;;;;;;;;;;;;л. 1-2;2-3/А-Е, 4-5/Б-В;88.109.0.28-АР-11;1-ый подземный;;;;;
10002;1;2;34,6;Тепловой пункт;;;;;;;;;;;;;;;;;;;;;;;;;л. 1-2;1-2/Д-Е;88.109.0.28-АР-11;1-ый подземный;;;;;
10003;1;3;41;Узел управления;;;;;;;;;;;;;;;;;;;;;;;;;л. 1-2;1-3/Е-Ж;88.109.0.28-АР-11;1-ый подземный;;;;;
10004;1;4;6,4;Коридор;;;;;;;;;;;;;;;;;;;;;;;;;л. 1-2;1-3/Е-Ж;88.109.0.28-АР-11;1-ый подземный;;;;;
10005;1;5;3,9;Техническое помещение;;;;;;;;;;;;;;;;;;;;;;;;;л. 1-2;2-7/Е-Ж;88.109.0.28-АР-11;1-ый подземный;;;;;
10006;1;6;8,6;Электрощитовая;;;;;;;;;;;;;;;;;;;;;;;;;л. 1-2;2-3/Е-Ж;88.109.0.28-АР-11;1-ый подземный;;;;;
10007;1;7;5,2;Воздухозаборная шахта;;;;;;;;;;;;;;;;;;;;;;;;;л. 1-2;6-7/Е-Ж;88.109.0.28-АР-11;1-ый подземный;;;;;
10008;1;8;28,9;Приточная венткамера для секции №2;;;;;;;;;;;;;;;;;;;;;;;;;л. 1-2;6-7/Е-Ж;88.109.0.28-АР-11;1-ый подземный;;;;;
10009;1;11;59,3;Помещение для хранения велосипедов;;;;;;;;;;;;;;;;;;;;;;;;;л. 1-2;5-7/Г-Д;88.109.0.28-АР-11;1-ый подземный;;;;;
10010;1;12;6,7;Тамбур-шлюз;;;;;;;;;;;;;;;;;;;;;;;;;л. 1-2;7-8/Г-Д;88.109.0.28-АР-11;1-ый подземный;;;;;
10011;1;13;5,4;Тамбур-шлюз;;;;;;;;;;;;;;;;;;;;;;;;;л. 1-2;7-8/Г-Д;88.109.0.28-АР-11;1-ый подземный;;;;;
10012;1;20;11,6;КПП на въезде-выезде;;;;;;;;;;;;;;;;;;;;;;;;;л. 1-2;3-5/А-Б;88.109.0.28-АР-11;1-ый подземный;;;;;
10013;1;21;15,2;Помещение для хранения велосипедов;;;;;;;;;;;;;;;;;;;;;;;;;л. 1-2;3-5/А-Б;88.109.0.28-АР-11;1-ый подземный;;;;;
10014;1;22;41,7;Помещение для хранения велосипедов;;;;;;;;;;;;;;;;;;;;;;;;;л. 1-2;4-6/А-Б;88.109.0.28-АР-11;1-ый подземный;;;;;
10015;1;23;2,4;Тамбур / Помещ. для хранения вел.;;;;;;;;;;;;;;;;;;;;;;;;;л. 1-2;5-6/А-Б;88.109.0.28-АР-11;1-ый подземный;;;;;
10016;1;24;1,1;Санузел;;;;;;;;;;;;;;;;;;;;;;;;;л. 1-2;5-6/А-Б;88.109.0.28-АР-11;1-ый подземный;;;;;
10017;1;25;1,1;Санузел / Помещ. для хранения вел.;;;;;;;;;;;;;;;;;;;;;;;;;л. 1-2;5-6/А-Б;88.109.0.28-АР-11;1-ый подземный;;;;;
10018;1;26;1,4;Санузел;;;;;;;;;;;;;;;;;;;;;;;;;л. 1-2;5-6/А-Б;88.109.0.28-АР-11;1-ый подземный;;;;;
10019;1;27;1,4;Санузел / Помещ. для хранения вел.;;;;;;;;;;;;;;;;;;;;;;;;;л. 1-2;5-6/А-Б;88.109.0.28-АР-11;1-ый подземный;;;;;
10020;1;28;1,7;Санузел;;;;;;;;;;;;;;;;;;;;;;;;;л. 1-2;5-6/А-Б;88.109.0.28-АР-11;1-ый подземный;;;;;
10021;1;29;3,5;Санузел / Помещ. для хранения вел.;;;;;;;;;;;;;;;;;;;;;;;;;л. 1-2;5-6/А-Б;88.109.0.28-АР-11;1-ый подземный;;;;;
10022;1;32;32,9;Приточная венткамера для секции №1;;;;;;;;;;;;;;;;;;;;;;;;;л. 1-2;7-8/А-Б;88.109.0.28-АР-11;1-ый подземный;;;;;
10023;1;33;5,4;Воздухозаборная шахта;;;;;;;;;;;;;;;;;;;;;;;;;л. 1-2;7-8/А-Б;88.109.0.28-АР-11;1-ый подземный;;;;;
10024;1;34;869,9;Проезд секции №2;;;;;;;;;;;;;;;;;;;;;;;;;л. 1-2, 2-2, 3-2, 4-2;6-20/Д-Е, 20-32/Д1-Е1;88.109.0.28-АР-11, 88.109.0.28-АР-12, 88.109.0.28-АР-13, 88.109.0.28-АР-14;1-ый подземный;;;;;
10025;1;35;1 301,60;Проезд секции №1;;;;;;;;;;;;;;;;;;;;;;;;;л. 1-2, 2-2, 3-2, 4-2;4-21/Б-В, 21-37/Б1-В1, 32-33/В1-Г1;88.109.0.28-АР-11, 88.109.0.28-АР-12, 88.109.0.28-АР-13, 88.109.0.28-АР-14;1-ый подземный;;;;;
10026;1;109;15,8;Тамбур-шлюз;;;;;;;;;;;;;;;;;;;;;;;;;л. 3-2;18-19/В-Д;88.109.0.28-АР-13;1-ый подземный;;;;;
10027;1;110;23,4;Венткамера;;;;;;;;;;;;;;;;;;;;;;;;;л. 3-2;18-21/Г(Г1)-Д(Д1);88.109.0.28-АР-13;1-ый подземный;;;;;
10028;1;111;29,1;Венткамера;;;;;;;;;;;;;;;;;;;;;;;;;л. 3-2;19-23/Г(Г1)-Д(Д1);88.109.0.28-АР-13;1-ый подземный;;;;;
10029;1;125;27,4;Венткамера;;;;;;;;;;;;;;;;;;;;;;;;;л. 3-2;19-20/В-Г;88.109.0.28-АР-13;1-ый подземный;;;;;
10030;1;126;41,9;Венткамера;;;;;;;;;;;;;;;;;;;;;;;;;л. 3-2;19-22/В(В1)-Г(Г1);88.109.0.28-АР-13;1-ый подземный;;;;;
10031;1;164;27;Приточная венткамера для секции №2;;;;;;;;;;;;;;;;;;;;;;;;;л. 4-2;32-33/Е1-Ж1;88.109.0.28-АР-14;1-ый подземный;;;;;
10032;1;165;9,9;Воздухозаборная шахта;;;;;;;;;;;;;;;;;;;;;;;;;л. 4-2;32-33/Е1-Ж1;88.109.0.28-АР-14;1-ый подземный;;;;;
10033;1;166;14,7;Помещение для хранения велосипедов;;;;;;;;;;;;;;;;;;;;;;;;;л. 4-2;33-34/Е1-Ж1;88.109.0.28-АР-14;1-ый подземный;;;;;
10034;1;167;16,1;Электрощитовая;;;;;;;;;;;;;;;;;;;;;;;;;л. 4-2;33-34/Е1-Ж1;88.109.0.28-АР-14;1-ый подземный;;;;;
10035;1;168;14,3;Помещение для хранения велосипедов;;;;;;;;;;;;;;;;;;;;;;;;;л. 4-2;34-35/Е1-Ж1;88.109.0.28-АР-14;1-ый подземный;;;;;
10036;1;198;7,3;Помещение уборочного инвентаря;;;;;;;;;;;;;;;;;;;;;;;;;л. 4-2;33-34/Г1-Д1;88.109.0.28-АР-14;1-ый подземный;;;;;
10037;1;199;9;Помещение для хранения велосипедов;;;;;;;;;;;;;;;;;;;;;;;;;л. 4-2;33-35/Г1-Д1;88.109.0.28-АР-14;1-ый подземный;;;;;
10038;1;200;29,8;Приточная венткамера для секции №1;;;;;;;;;;;;;;;;;;;;;;;;;л. 4-2;34-35/В1-Г1;88.109.0.28-АР-14;1-ый подземный;;;;;
10039;1;201;11,3;Воздухозаборная шахта;;;;;;;;;;;;;;;;;;;;;;;;;л. 4-2;34-35/Г1-Д1;88.109.0.28-АР-14;1-ый подземный;;;;;
10040;1;202;19,8;Помещение для хранения велосипедов;;;;;;;;;;;;;;;;;;;;;;;;;л. 4-2;34-36/В1-Г1;88.109.0.28-АР-14;1-ый подземный;;;;;
10041;1;203;2,5;Тамбур-шлюз;;;;;;;;;;;;;;;;;;;;;;;;;л. 4-2;32-33/В1-Г1;88.109.0.28-АР-14;1-ый подземный;;;;;
10042;1;204;604,8;Выезд для секций №1, №2, №3, №4;;;;;;;;;;;;;;;;;;;;;;;;;л. 4-2;32-39/А1-Е1;88.109.0.28-АР-14, 88.109.0.28-АР-10;1-ый подземный;;;;;
10043;1;1001;11,2;I  «лестничная клетка»;;;;;;;;;;;;;;;;;;;;;;;;;л. 1-2;7-8/В-Г;88.109.0.28-АР-11;1-ый подземный;;;;;
10044;1;1002;25,2;II  «лестничная клетка»;;;;;;;;;;;;;;;;;;;;;;;;;л. 3-2;18-19/Г-Д;88.109.0.28-АР-13;1-ый подземный;;;;;
10045;1;1003;11,5;IV  «лестничная клетка»;;;;;;;;;;;;;;;;;;;;;;;;;л. 4-2;31-32/В1-Г1;88.109.0.28-АР-14;1-ый подземный;;;;;
10046;1;1004;16,6;IV  «лестничная клетка»;;;;;;;;;;;;;;;;;;;;;;;;;л. 4-2;31-32/В1-Г1;88.109.0.28-АР-14;1-ый подземный;;;;;
163;2;18;;Собственник 166;15.11.2017;500/D-798195949;1;36,7;0,58473;0,585;500/469-9548;паспорт гражданина РБ;Н212;Первомайское РУВД г.Минска;07.09.2020;ИН212;;;;;;;;;;;179А/163-58;07.12.2017;л. 1-2;5-6/В-Г;88.109.0.28-АР-7;2-ой подземный;;;;;
164;2;17;;Собственник 167;20.12.2017;500/D-798196600;1;24,4;0,388758;0,389;500/869-9200;паспорт гражданина РБ;Н213;Центральное РУВД г.Минска;30.03.2018;ИН213;;;;;;;;;;;179А/164-63;08.12.2017;л. 1-2;4-6/В-Г;88.109.0.28-АР-7;2-ой подземный;;;;;
165;2;13;;Собственник 168;08.12.2020;500/D-798200920;1;26,8;0,426996;0,427;500/1865-657;паспорт гражданина РБ;Н214;УВД Бобруйского горисполкома Могилевской области;20.09.2017;ИН214;;;;;;;;;;;179А/165-272;28.02.2018;л. 1-2;2-3/Б-В;88.109.0.28-АР-7;2-ой подземный;;;;;
166;2;16;;Собственник 169;12.06.2017;500/D-798188910;1;47,3;0,753617;0,754;500/1488-6784;паспорт гражданина РБ;Н215;Первомайское РУВД г.Минска;26.01.2016;ИН215;;;;;;;;;;;179А/166-121;14.12.2017;л. 1-2;3-5/А-Б;88.109.0.28-АР-7;2-ой подземный;участок эксплуатируемой кровли;;;;
167;2;19;;Собственник 170;22.01.2018;500/D-798198685;1;17,8;0,283602;0,284;500/291-8746;паспорт гражданина РБ;Н216;Первомайское РУВД г.Минска;04.07.2019;ИН216;;;;;;;;;;;179А/167-235;16.01.2018;л. 1-2;4-5/А-Б;88.109.0.28-АР-7;2-ой подземный;;;;;
168;2;20;;Собственник 171;17.11.2017;500/D-798195985;1;19,3;0,307501;0,308;500/856-7432;паспорт гражданина РБ;Н217;Первомайское РУВД г.Минска;28.05.2014;ИН217;;;;;;;;;;;179А/168-30;15.12.2017;л. 1-2;5-6/А-Б;88.109.0.28-АР-7;2-ой подземный;участок эксплуатируемой кровли;;;;
169;2;21;;Собственник 172;01.10.2017;500/D-798193205;1;19,4;0,309094;0,309;500/526-4578;паспорт гражданина РБ;Н218;Первомайское РУВД г.Минска;03.12.2012;ИН218;;;;;;;;;;;179А/169-256;09.02.2017;л. 1-2;5-6/А-Б;88.109.0.28-АР-7;2-ой подземный;;;;;
170;2;22;;Собственник 173;29.05.2017;500/D-798187941;1;20;0,318654;0,319;500/1488-6722;паспорт гражданина РБ;Н219;Первомайское РУВД г.Минска;17.08.2017;ИН219;;;;;;;;;;;179А/170-66;09.12.2017;л. 1-2;6-7/А-Б;88.109.0.28-АР-7;2-ой подземный;участок эксплуатируемой кровли;;;;
171;2;23;;Собственник 174;06.12.2019;500/D-798785840;1;19,8;0,315467;0,315;500/311-21355;паспорт гражданина РБ;Н220;УВД Бобруйского горисполкома Могилевской области;20.09.2017;ИН220;;;;;;;;;;;179А/171-333;06.12.2019;л. 1-2;6-7/А-Б;88.109.0.28-АР-7;2-ой подземный;;;;;
172;2;73;;Собственник 175;25.04.2020;500/D-798191398;1;20,2;0,321841;0,322;500/713-8606;паспорт гражданина РБ;Н221;Первомайское РУВД г.Минска;21.11.2018;ИН221;;;;;;;;;;;179А/172-347;23.05.2020;л. 2-2;8-9/А-Б;88.109.0.28-АР-8;2-ой подземный;;;;;
173;2;74;;Собственник 176;03.10.2018;500/D-798191379;1;20,5;0,32662;0,327;500/875-14609;паспорт гражданина РБ;Н222;Первомайское РУВД г.Минска;24.05.2016;ИН222;;;;;;;;;;;179А/173-299;10.10.2018;л. 2-2;8-9/А-Б;88.109.0.28-АР-8;2-ой подземный;;;;;
174;2;75;;Собственник 177;10.12.2017;500/D-798191404;1;20,1;0,320247;0,32;500/849-6262;паспорт гражданина РБ;Н223;Первомайское РУВД г.Минска;01.08.2011;ИН223;;;;;;;;;;;179А/174-86;10.12.2017;л. 2-2;9-10/А-Б;88.109.0.28-АР-8;2-ой подземный;участок эксплуатируемой кровли;;;;
175;2;76;;Собственник 178;08.11.2017;500/D-798195759;1;20,1;0,320247;0,32;500/238-9988;паспорт гражданина РБ;Н224;Фрунзенское РУВД г.Минска;04.03.2014;ИН224;;;;;;;;;;;179А/175-229;14.01.2018;л. 2-2;9-10/А-Б;88.109.0.28-АР-8;2-ой подземный;;;;;
176;2;77;;Собственник 179;02.06.2017;500/D-798188916;1;18,9;0,301128;0,301;500/574-2583;паспорт гражданина РБ;Н225;Первомайское РУВД г.Минска;12.12.2014;ИН225;;;;;;;;;;;179А/176-17;02.12.2017;л. 2-2;10-11/А-Б;88.109.0.28-АР-8;2-ой подземный;участок эксплуатируемой кровли;;;;
177;2;78;;Собственник 180;27.09.2017;500/D-798186961;1;16,5;0,26289;0,263;500/1323-9132;выписка из ЕГР;Н226;Минский горисполком;30.09.2014;ИН226;;;;;;;;;;;;;л. 2-2;10-11/А-Б;88.109.0.28-АР-8;2-ой подземный;;Следы сырости на плите перекрытия в районе видеокамеры. Симметрично на полу белесы, намывы на площади до 5 кв.м. По терцевой стене следы каплевидных потеков до 40%. По потолку в районе сплинкера следы затекания и симметрично им на полу каплевидные выбивания стяжки.;;;
178;2;79;;Собственник 181;21.01.2021;500/D-798804866;1;19,5;0,310688;0,311;500/472-13298;паспорт гражданина РБ;Н227;Минское РУВД Минской области;26.06.2017;ИН227;;;;;;;;;;;179А/178-374;27.01.2021;л. 2-2;11-12/А-Б;88.109.0.28-АР-8;2-ой подземный;;Линейные следы намокания по задней стены на площади до 5%.;;;
179;2;80;;Собственник 182;22.09.2018;500/D-798200192;1;19,6;0,312281;0,312;500/795-11248;паспорт гражданина РБ;Н228;Советское РУВД г.Минска;26.03.2014;ИН228;;;;;;;;;;;179А/179-330;11.11.2019;л. 2-2;11-12/А-Б;88.109.0.28-АР-8;2-ой подземный;;;;;
180;2;81;;Собственник 183;13.12.2017;500/D-798197332;1;17,1;0,272449;0,272;500/856-7591;паспорт гражданина РБ;Н229;Московское РУВД г.Минска;19.05.2017;ИН229;;;;;;;;;;;179А/180-113;13.12.2017;л. 2-2;12-13/А-Б;88.109.0.28-АР-8;2-ой подземный;участок эксплуатируемой кровли;;;;
181;2;82;;Собственник 184;23.11.2017;500/D-798197123;1;16,7;0,266076;0,266;500/1739-2395;паспорт гражданина РБ;Н230;Первомайское РУВД г.Минска;31.07.2014;ИН230;;;;;;;;;;;179А/181-134;16.12.2017;л. 2-2;12-13/А-Б;88.109.0.28-АР-8;2-ой подземный;участок эксплуатируемой кровли;;;;
182;2;83;;Собственник 185;25.01.2018;500/D-798198057;1;16,8;0,267669;0,268;500/811-5044;паспорт гражданина РБ;Н231;Первомайское РУВД г.Минска;22.08.2008;ИН231;;;;;;;;;;;179А/182-166;22.12.2017;л. 2-2;13-14/А-Б;88.109.0.28-АР-8;2-ой подземный;участок эксплуатируемой кровли;;;;
183;2;84;;Собственник 186;16.12.2017;500/D-798197351;1;16,9;0,269263;0,269;500/654-10422;паспорт гражданина РБ;Н232;Первомайское РУВД г.Минска;25.05.2015;ИН232;;;;;;;;;;;179А/183-112;13.12.2017;л. 2-2;13-14/А-Б;88.109.0.28-АР-8;2-ой подземный;участок эксплуатируемой кровли;;;;
184;2;85;;Собственник 187;06.11.2019;500/D-798194133;1;16,8;0,267669;0,268;500/311-21162;паспорт гражданина РБ;Н233;Первомайское РУВД г.Минска;08.07.2016;ИН233;;;;;;;;;;;179А/184-331;12.11.2019;л. 2-2;14-15/А-Б;88.109.0.28-АР-8;2-ой подземный;участок эксплуатируемой кровли;;;;
185;2;86;;Собственник 188;04.04.2020;500/D-798197316;1;16,8;0,267669;0,268;500/795-12833;паспорт гражданина РБ;Н234;Первомайское РУВД г.Минска;06.03.2018;ИН234;;;;;;;;;;;179А/185-;04.06.2020;л. 2-2;14-15/А-Б;88.109.0.28-АР-8;2-ой подземный;участок эксплуатируемой кровли;;;;
186;2;87;;Собственник 189;26.12.2017;500/D-798197320;1;16,8;0,267669;0,268;500/1135-7569;паспорт гражданина РБ;Н235;Первомайское РУВД г.Минска;31.12.2013;ИН235;;;;;;;;;;;179А/186-227;18.02.2018;л. 2-2;15-16/А-Б;88.109.0.28-АР-8;2-ой подземный;;;;;
187;2;127;;Собственник 190;01.11.2018;500/D-798192901;1;16,5;0,26289;0,263;500/711-7066;паспорт гражданина РБ;Н236;Первомайское РУВД г.Минска;01.08.2012;ИН236;;;;;;;;;;;179А/187-305;14.12.2018;л. 3-2;15-16/А-Б;88.109.0.28-АР-9;2-ой подземный;;;;;
188;2;128;;Собственник 191;18.06.2018;500/D-798783503;1;16,4;0,261296;0,261;500/1422-10227;паспорт гражданина РБ;Н237;Первомайское РУВД г.Минска;29.11.2019;ИН237;;;;;;;;;;;179А/188-296;08.08.2018;л. 3-2;16-17/А-Б;88.109.0.28-АР-9;2-ой подземный;;Следы намокания по торцовой стене на площади до 5%;;;
189;2;129;;Собственник 192;17.10.2017;500/D-798191414;1;19,8;0,315467;0,315;500/423-12920;паспорт гражданина РБ;Н238;Первомайское РУВД г.Минска;18.10.2016;ИН238;;;;;;;;;;;179А/189-23;02.12.2017;л. 3-2;16-17/А-Б;88.109.0.28-АР-9;2-ой подземный;участок эксплуатируемой кровли;;;;
190;2;130;;Собственник 193;28.11.2017;500/D-798196601;1;31,6;0,503473;0,503;500/526-4934;паспорт гражданина РБ;Н239;Фрунзенское РУВД г.Минска;23.12.2015;ИН239;;;;;;;;;;;179А/190-114;13.12.2017;л. 3-2;18-19/А-Б;88.109.0.28-АР-9;2-ой подземный;участок эксплуатируемой кровли;;;;
191;2;131;;Собственник 194;15.11.2017;500/D-798196171;1;16,1;0,256516;0,257;500/1422-9105;паспорт гражданина РБ;Н240;Первомайское РУВД г.Минска;21.05.2014;ИН240;;;;;;;;;;;179А/191-96;11.12.2017;л. 3-2;19-20/А-Б;88.109.0.28-АР-9;2-ой подземный;участок эксплуатируемой кровли;;;;
192;2;132;;Собственник 195;15.12.2017;500/D-798197359;1;16,4;0,261296;0,261;500/1488-7704;паспорт гражданина РБ;Н241;Первомайское РУВД г.Минска;29.06.2012;ИН241;;;;;;;;;;;179А/192-225;14.01.2018;л. 3-2;19-20/А-Б;88.109.0.28-АР-9;2-ой подземный;;;;;
193;2;133;;Собственник 196;30.05.2017;500/D-798186962;1;20,3;0,323434;0,323;500/1323-8289;паспорт гражданина РБ;Н242;Кормянское РОВД Гомельской области;10.09.1998;ИН242;;;;;;;;;;;179А/193-24;02.12.2017;л. 3-2;20-21/А-Б;88.109.0.28-АР-9;2-ой подземный;участок эксплуатируемой кровли;;;;
194;2;134;;Собственник 197;23.06.2017;500/D-798190566;1;32,4;0,516219;0,516;500/713-5906;паспорт гражданина РБ;Н243;Первомайское РУВД г.Минска;14.03.2012;ИН243;;;;;;;;;;;179А/194-105;12.12.2017;л. 3-2;20-21/А(А1)-Б(Б1);88.109.0.28-АР-9;2-ой подземный;участок эксплуатируемой кровли;;;;
195;2;135;;Собственник 198;13.03.2018;500/D-798200171;1;20;0,318654;0,319;500/291-8865;паспорт гражданина РБ;Н244;Первомайское РУВД г.Минска;19.02.2014;ИН244;;;;;;;;;;;179А/195-275;02.03.2018;л. 3-2;20-21/А1-Б1;88.109.0.28-АР-9;2-ой подземный;;;;;
196;2;136;;Собственник 199;13.03.2018;500/D-798200172;1;16,4;0,261296;0,261;500/771-13460;паспорт гражданина РБ;Н245;Первомайское РУВД г.Минска;18.02.2013;ИН245;;;;;;;;;;;179А/196-276;02.03.2018;л. 3-2;21-22/А1-Б1;88.109.0.28-АР-9;2-ой подземный;;;;;
197;2;137;;Собственник 200;05.07.2017;500/D-798189927;1;16,1;0,256516;0,257;500/1040-2965;паспорт гражданина РФ;Н246;ОУФМС России по Ямало-Ненецкому А.О. в городе Надым;30.04.2009;ИН246;;+7 922 457 76 34;;;;;;;;;179А/197-293;27.06.2018;л. 3-2;21-22/А1-Б1;88.109.0.28-АР-9;2-ой подземный;;Линейные следы намокания по задней стене на площади до 10%. Меловые наросты на камере видеонаблюдения.;;;
198;2;138;;Собственник 201;18.07.2020;500/D-798810010;1;16;0,254923;0,255;500/1323-16005;паспорт гражданина РБ;Н247;Первомайское РУВД г.Минска;16.04.2013;ИН247;;;;;;;;;;;179А/198-;14.08.2020;л. 3-2;22-23/А1-Б1;88.109.0.28-АР-9;2-ой подземный;участок эксплуатируемой кровли;;+375 29 389 69 05;;Александр Исаакович
199;2;139;;Собственник 202;18.07.2020;500/D-798810011;1;16,4;0,261296;0,261;500/1323-16006;паспорт гражданина РБ;Н248;Первомайское РУВД г.Минска;16.04.2013;ИН248;;;;;;;;;;;179А/199-;14.08.2020;л. 3-2;22-23/А1-Б1;88.109.0.28-АР-9;2-ой подземный;участок эксплуатируемой кровли;;;;
200;2;140;;Собственник 203;22.12.2017;500/D-798197851;1;16,4;0,261296;0,261;500/1452-7587;паспорт гражданина РБ;Н249;Московское РУВД г.Минска;24.07.2008;ИН249;;;;;;;;;;;179А/200-163;22.12.2017;л. 3-2;23-24/А1-Б1;88.109.0.28-АР-9;2-ой подземный;участок эксплуатируемой кровли;;;;
201;2;141;;Собственник 204;27.09.2017;500/D-798186963;1;16,4;0,261296;0,261;500/1323-9133;выписка из ЕГР;Н250;Минский горисполком;30.09.2014;ИН250;;;;;;;;;;;;;л. 3-2;23-24/А1-Б1;88.109.0.28-АР-9;2-ой подземный;;;;;
202;2;142;;Собственник 205;01.11.2019;500/D-798192378;1;16,3;0,259703;0,26;500/1141-9457;паспорт гражданина РБ;Н251;Первомайское РУВД г.Минска;25.08.2016;ИН251;;;;;;;;;;;179А/202-328;02.11.2019;л. 3-2;24-25/А1-Б1;88.109.0.28-АР-9;2-ой подземный;;;;;
203;2;143;;Собственник 206;01.11.2019;500/D-798192377;1;16,5;0,26289;0,263;500/1141-9458;паспорт гражданина РБ;Н252;Первомайское РУВД г.Минска;11.09.2015;ИН252;;;;;;;;;;;179А/203-327;02.11.2019;л. 3-2;24-25/А1-Б1;88.109.0.28-АР-9;2-ой подземный;;;;;
204;2;144;;Собственник 207;27.09.2017;500/D-798186964;1;32;0,509846;0,51;500/1323-9134;выписка из ЕГР;Н253;Минский горисполком;30.09.2014;ИН253;;;;;;;;;;;;;л. 3-2;25-26/А1-Б1;88.109.0.28-АР-9;2-ой подземный;;;;;
205;2;145;;Собственник 208;08.07.2017;500/D-798190549;1;16,3;0,259703;0,26;500/311-17272;паспорт гражданина РБ;Н254;Московское РУВД г.Минска;28.02.2011;ИН254;;;;;;;;;;;179А/205-221;13.01.2018;л. 3-2;26-27/А1-Б1;88.109.0.28-АР-9;2-ой подземный;;Следы затекания по всей площади торцевой стены  с образованием волокнистых наростов. На полу симметрично стене меловые следы на площади до 4 кв.м.;;;
206;2;146;;Собственник 209;08.07.2017;500/D-798191035;1;16,4;0,261296;0,261;500/311-17273;паспорт гражданина РБ;Н255;Московское РУВД г.Минска;28.02.2011;ИН255;;;;;;;;;;;179А/206-222;13.01.2018;л. 3-2;26-27/А1-Б1;88.109.0.28-АР-9;2-ой подземный;участок эксплуатируемой кровли;Следы затекания на площади до 1 кв.м. в правом углу торцевой стены  с образованием волокнистых наростов.;;;
207;2;166;;Собственник 210;27.09.2017;500/D-798186965;1;32,2;0,513033;0,513;500/1323-9135;выписка из ЕГР;Н256;Минский горисполком;30.09.2014;ИН256;;;;;;;;;;;;;л. 4-2;28-29/А1-Б1;88.109.0.28-АР-9, 88.109.0.28-АР-10;2-ой подземный;;;;;
208;2;167;;Собственник 211;30.06.2017;500/D-798188017;1;16,4;0,261296;0,261;500/1323-8366;справка из реестра предприятий Латвийской Республики;Н257;;28.03.2003;ИН257;;;;;;;;;;;;;л. 4-2;29-30/А1-Б1;88.109.0.28-АР-10;2-ой подземный;;;;;
209;2;168;;Собственник 212;27.09.2017;500/D-798186966;1;16,5;0,26289;0,263;500/1323-9136;выписка из ЕГР;Н258;Минский горисполком;30.09.2014;ИН258;;;;;;;;;;;;;л. 4-2;29-30/А1-Б1;88.109.0.28-АР-10;2-ой подземный;;;;;
210;2;169;;Собственник 213;28.11.2017;500/D-798196606;1;16,2;0,25811;0,258;500/1518-4877;паспорт гражданина РБ;Н259;Ленинское РУВД г.Минска;12.10.2010;ИН259;;;;;;;;;;;179А/210-161;22.12.2017;л. 4-2;30-31/А1-Б1;88.109.0.28-АР-10;2-ой подземный;участок эксплуатируемой кровли;;;;
211;2;170;;Собственник 214;28.11.2017;500/D-798196588;1;15,9;0,25333;0,253;500/869-9221;паспорт гражданина РБ;Н260;Фрунзенское РУВД г.Минска;07.12.2006;ИН260;;;;;;;;;;;179А/211-160;21.12.2017;л. 4-2;30-31/А1-Б1;88.109.0.28-АР-10;2-ой подземный;участок эксплуатируемой кровли;;;;
212;2;171;;Собственник 215;28.11.2017;500/D-798197314;1;15,7;0,250143;0,25;500/117-7506;паспорт гражданина РБ;Н261;Первомайское РУВД г.Минска;09.01.2017;ИН261;;;;;;;;;;;179А/212-90;11.12.2017;л. 4-2;31-32/А1-Б1;88.109.0.28-АР-10;2-ой подземный;участок эксплуатируемой кровли, венткиоск метрополитена;Следы затекания в районе камеры видеонаблюдения. Меловые наросты на камере видеонаблюдения. Не работает камера видеонаблюдения.;;;
213;2;172;;Собственник 216;12.01.2018;500/D-798197303;1;26,4;0,420623;0,421;500/526-5125;паспорт гражданина РБ;Н262;Первомайское РУВД г.Минска;04.05.2016;ИН262;;;;;;;;;;;179А/213-242;21.01.2018;л. 4-2;32-33/А1-Б1;88.109.0.28-АР-10;2-ой подземный;участок эксплуатируемой кровли, венткиоск метрополитена;;;;
214;2;173;;Собственник 217;13.10.2017;500/D-798194415;1;16,7;0,266076;0,266;500/191-7549;паспорт гражданина РБ;Н263;Первомайское РУВД г.Минска;18.10.2007;ИН263;;;;;;;;;;;179А/214-39;05.12.2017;л. 4-2;33-34/А1-Б1;88.109.0.28-АР-10;2-ой подземный;участок эксплуатируемой кровли;;;;
215;2;174;;Собственник 218;17.10.2017;500/D-798194437;1;16,7;0,266076;0,266;500/191-7560;паспорт гражданина РБ;Н264;Советское РУВД г.Минска;02.02.2000;ИН264;;;;;;;;;;;179А/215-40;05.12.2017;л. 4-2;33-34/А1-Б1;88.109.0.28-АР-10;2-ой подземный;участок эксплуатируемой кровли;;;;
216;2;175;;Собственник 219;17.10.2017;500/D-798194438;1;20;0,318654;0,319;500/191-7561;паспорт гражданина РБ;Н265;Советское РУВД г.Минска;02.02.2000;ИН265;;;;;;;;;;;179А/216-41;05.12.2017;л. 4-2;34-35/А1-Б1;88.109.0.28-АР-10;2-ой подземный;участок эксплуатируемой кровли;;;;
217;2;176;;Собственник 220;17.10.2017;500/D-798194450;1;20,2;0,321841;0,322;500/311-17793;паспорт гражданина РБ;Н266;Советское РУВД г.Минска;02.02.2000;ИН266;;;;;;;;;;;179А/217-42;05.12.2017;л. 4-2;34-35/А1-Б1;88.109.0.28-АР-10;2-ой подземный;участок эксплуатируемой кровли;;;;
218;2;177;;Собственник 221;17.10.2017;500/D-798195406;1;20,1;0,320247;0,32;500/311-17794;паспорт гражданина РБ;Н267;Советское РУВД г.Минска;02.02.2000;ИН267;;;;;;;;;;;179А/218-43;05.12.2017;л. 4-2;35-36/А1-Б1;88.109.0.28-АР-10;2-ой подземный;участок эксплуатируемой кровли;;;;
219;2;178;;Собственник 222;14.07.2017;500/D-798190620;1;20,2;0,321841;0,322;500/469-9169;паспорт гражданина РБ;Н268;Советское РУВД г.Минска;22.10.2009;ИН268;;;;;;;;;;;179А/219-44;05.12.2017;л. 4-2;35-36/А1-Б1;88.109.0.28-АР-10;2-ой подземный;участок эксплуатируемой кровли;;;;
220;2;179;;Собственник 223;23.10.2017;500/D-798195767;1;47;0,748837;0,749;500/115-9930;паспорт гражданина РБ;Н269;Советское РУВД г.Минска;22.10.2009;ИН269;;;;;;;;;;;179А/220-45;05.12.2017;л. 4-2;36-37/А1-Б1;88.109.0.28-АР-10;2-ой подземный;участок эксплуатируемой кровли;;;;
221;2;180;;Собственник 224;16.10.2017;500/D-798194439;1;25,7;0,40947;0,409;500/856-7349;паспорт гражданина РБ;Н270;Первомайское РУВД г.Минска;16.04.2013;ИН270;;;;;;;;;;;179А/221-46;05.12.2017;л. 4-2;37-38/А1-Б1;88.109.0.28-АР-10;2-ой подземный;;;;;
222;2;185;;Собственник 225;16.10.2017;500/D-798194440;1;31,7;0,505067;0,505;500/856-7348;паспорт гражданина РБ;Н271;Первомайское РУВД г.Минска;16.04.2013;ИН271;;;;;;;;;;;179А/222-47;05.12.2017;л. 4-2;37-38/В1-Д1;88.109.0.28-АР-10;2-ой подземный;;;;;
223;2;182;;Собственник 226;16.10.2017;500/D-798195354;1;27,4;0,436556;0,437;500/853-13582;паспорт гражданина РБ;Н272;Ленинское РУВД города Минска;02.06.2004;ИН272;;;;;;;;;;;179А/223-48;05.12.2017;л. 4-2;33-34/В1-Г1;88.109.0.28-АР-10;2-ой подземный;;;;;
224;2;181;;Собственник 227;16.10.2017;500/D-798195355;1;27,3;0,434963;0,435;500/853-13583;паспорт гражданина РБ;Н273;Ленинское РУВД города Минска;02.06.2004;ИН273;;;;;;;;;;;179А/224-49;05.12.2017;л. 4-2;33-34/В1-Г1;88.109.0.28-АР-10;2-ой подземный;;;;;
225;2;165;;Собственник 228;20.11.2017;500/D-798195984;1;22,5;0,358486;0,358;500/1422-9065;паспорт гражданина РБ;Н274;Первомайское РУВД г.Минска;09.03.2017;ИН274;;;;;;;;;;;179А/225-5;01.12.2017;л. 4-2;31-32/В1-Г1;88.109.0.28-АР-10;2-ой подземный;;;;;
226;2;164;;Собственник 229;01.02.2018;500/D-798196164;1;16,5;0,26289;0,263;500/1141-7479;паспорт гражданина РБ;Н275;Первомайское РУВД г.Минска;09.11.2016;ИН275;;;;;;;;;;;179А/226-253;02.02.2018;л. 4-2;30-31/В1-Г1;88.109.0.28-АР-10;2-ой подземный;;;;;
227;2;163;;Собственник 230;16.11.2017;500/D-798195986;1;16,6;0,264483;0,264;500/811-4756;паспорт гражданина РБ;Н276;Первомайское РУВД г.Минска;22.06.2012;ИН276;;;;;;;;;;;179А/227-77;09.12.2017;л. 4-2;30-31/В1-Г1;88.109.0.28-АР-10;2-ой подземный;;;;;
228;2;162;;Собственник 231;14.12.2017;500/D-798197542;1;16,5;0,26289;0,263;500/337-6791;паспорт гражданина РБ;Н277;Первомайское РУВД г.Минска;03.12.2012;ИН277;;;;;;;;;;;179А/228-188;04.01.2018;л. 4-2;29-30/В1-Г1;88.109.0.28-АР-10;2-ой подземный;;;;;
229;2;161;;Собственник 232;27.03.2018;500/D-798199296;1;16,4;0,261296;0,261;500/771-13520;паспорт гражданина РБ;Н278;Партизанское РУВД г.Минска;27.05.2010;ИН278;;;;;;;;;;;179А/229-255;08.02.2018;л. 4-2;29-30/В1-Г1;88.109.0.28-АР-10;2-ой подземный;;;;;
230;2;160;;Собственник 233;27.11.2017;500/D-798194194;1;32,8;0,522593;0,523;500/191-7534;паспорт гражданина РБ;Н279;Советское РУВД г.Минска;12.06.2015;ИН279;;;;;;;;;;;179А/230-80;09.12.2017;л. 4-2;28-29/В1-Г1;88.109.0.28-АР-9, 88.109.0.28-АР-10;2-ой подземный;;;;;
231;2;126;;Собственник 234;31.07.2017;500/D-798192373;1;18,7;0,297941;0,298;500/747-8728;паспорт гражданина РБ;Н280;Первомайское РУВД г.Минска;11.05.2012;ИН280;;;;;;;;;;;179А/231-248;24.01.2018;л. 3-2;26-27/В1-Г1;88.109.0.28-АР-9;2-ой подземный;;;;;
232;2;125;;Собственник 235;31.07.2017;500/D-798192365;1;16,4;0,261296;0,261;500/747-8729;паспорт гражданина РБ;Н281;Первомайское РУВД г.Минска;11.05.2012;ИН281;;;;;;;;;;;179А/232-249;24.01.2018;л. 3-2;26-27/В1-Г1;88.109.0.28-АР-9;2-ой подземный;;;;;
233;2;124;;Собственник 236;27.05.2017; 500/D-798187952;1;32,6;0,519406;0,519;500/1141-6734;паспорт гражданина РБ;Н282;Первомайское РУВД г.Минска;24.09.2019;ИН282;;;;;;;;;;;179А/233-100;12.12.2017;л. 3-2;25-26/В1-Г1;88.109.0.28-АР-9;2-ой подземный;;;;;
234;2;123;;Собственник 237;23.01.2018;500/D-798198475;1;16,7;0,266076;0,266;500/526-5275;паспорт гражданина РБ;Н283;Первомайское РУВД г.Минска;21.04.2020;ИН283;;;;;;;;;;;179А/234-191;05.01.2018;л. 3-2;24-25/В1-Г1;88.109.0.28-АР-9;2-ой подземный;;;;;
235;2;122;;Собственник 238;23.01.2018;500/D-798198476;1;16,8;0,267669;0,268;500/526-5276;паспорт гражданина РБ;Н284;Первомайское РУВД г.Минска;21.04.2020;ИН284;;;;;;;;;;;179А/235-192;05.01.2018;л. 3-2;24-25/В1-Г1;88.109.0.28-АР-9;2-ой подземный;;;;;
236;2;121;;Собственник 239;02.11.2017;500/D-798195410;1;16,6;0,264483;0,264;500/1488-7351;паспорт гражданина РБ;Н285;Первомайское РУВД г.Минска;01.06.2017;ИН285;;;;;;;;;;;179А/236-208;11.01.2018;л. 3-2;23-24/В1-Г1;88.109.0.28-АР-9;2-ой подземный;;;;;
237;2;120;;Собственник 240;02.11.2017;500/D-798195411;1;16,8;0,267669;0,268;500/1488-7352;паспорт гражданина РБ;Н286;Первомайское РУВД г.Минска;01.06.2017;ИН286;;;;;;;;;;;179А/237-209;11.01.2018;л. 3-2;23-24/В1-Г1;88.109.0.28-АР-9;2-ой подземный;;;;;
238;2;119;;Собственник 241;27.09.2017;500/D-798186967;1;32,1;0,51144;0,511;500/1323-9137;выписка из ЕГР;Н287;Минский горисполком;30.09.2014;ИН287;;;;;;;;;;;;;л. 3-2;22-23/В1-Г1;88.109.0.28-АР-9;2-ой подземный;;;;;
239;2;116;;Собственник 242;28.06.2017;500/D-798190564;1;34,8;0,554458;0,554;500/311-17195;паспорт гражданина РБ;Н288;Первомайское РУВД г.Минска;20.08.2018;ИН288;;;;;;;;;;;179А/239-122;14.12.2017;л. 3-2;16-17/В-Г;88.109.0.28-АР-9;2-ой подземный;;;;;
240;2;115;;Собственник 243;11.07.2017;500/D-798190627;1;16,6;0,264483;0,264;500/654-9769;паспорт гражданина РБ;Н289;Первомайское РУВД г.Минска;07.09.2017;ИН289;;;;;;;;;;;179А/240-204;11.01.2018;л. 3-2;15-16/В-Г;88.109.0.28-АР-9;2-ой подземный;;;;;
241;2;72;;Собственник 244;11.07.2017;500/D-798190628;1;16,5;0,26289;0,263;500/654-9770;паспорт гражданина РБ;Н290;Первомайское РУВД г.Минска;07.09.2017;ИН290;;;;;;;;;;;179А/241-205;11.01.2018;л. 2-2;15-16/В-Г;88.109.0.28-АР-8;2-ой подземный;;;;;
242;2;71;;Собственник 245;11.07.2017;500/D-798190629;1;16,3;0,259703;0,26;500/1488-6950;паспорт гражданина РБ;Н291;Первомайское РУВД г.Минска;06.03.2014;ИН291;;;;;;;;;;;179А/242-83;09.12.2017;л. 2-2;14-15/В-Г;88.109.0.28-АР-8;2-ой подземный;;;;;
243;2;70;;Собственник 246;11.07.2017;500/D-798191380;1;17,2;0,274042;0,274;500/1488-6951;паспорт гражданина РБ;Н292;Центральное РУВД г.Минска;24.10.2006;ИН292;;;;;;;;;;;179А/243-84;09.12.2017;л. 2-2;14-15/В-Г;88.109.0.28-АР-8;2-ой подземный;;;;;
244;2;69;;Собственник 247;13.03.2020;500/D-798191387;1;16,7;0,266076;0,266;500/810-12168;паспорт гражданина РБ;Н293;Первомайское РУВД г.Минска;25.09.2012;ИН293;;;;;;;;;;;179А/244-341;20.03.2020;л. 2-2;13-14/В-Г;88.109.0.28-АР-8;2-ой подземный;;;;;
245;2;68;;Собственник 248;13.03.2020;500/D-798190635;1;16,7;0,266076;0,266;500/810-12167;паспорт гражданина РБ;Н294;Первомайское РУВД г.Минска;25.09.2012;ИН294;;;;;;;;;;;179А/245-342;20.03.2020;л. 2-2;13-14/В-Г;88.109.0.28-АР-8;2-ой подземный;;;;;
246;2;67;;Собственник 249;28.12.2017;500/D-798197488;1;33,2;0,528966;0,529;500/869-9355;паспорт гражданина РБ;Н295;Московское РУВД г.Минска;20.06.2008;ИН295;;;;;;;;;;;179А/246-164;22.12.2017;л. 2-2;12-13/В-Г;88.109.0.28-АР-8;2-ой подземный;;Наличие трещины по торцевой стене, повторяющая контур кладки из блока ФБС. Разрушение штукатурке в районе трещины площадью до 0,1 кв.м.;;;
247;2;66;;Собственник 250;25.07.2017;500/D-798191377;1;19,6;0,312281;0,312;500/771-12483;паспорт гражданина РБ;Н296;Первомайское РУВД г.Минска;02.09.2020;ИН296;;;;;;;;;;;179А/247-14;02.12.2017;л. 2-2;11-12/В-Г;88.109.0.28-АР-8;2-ой подземный;;;;;
248;2;65;;Собственник 251;09.02.2018;500/D-798198229;1;19,7;0,313874;0,314;500/115-10241;паспорт гражданина РБ;Н297;Ленинское РУВД  г.Минска;11.10.2018;ИН297;;;;;;;;;;;179А/248-257;10.02.2018;л. 2-2;11-12/В-Г;88.109.0.28-АР-8;2-ой подземный;;;;;
249;2;64;;Собственник 252;25.04.2018;500/D-798201612;1;16,5;0,26289;0,263;500/539-7926;паспорт гражданина РБ;Н298;Советское РУВД г.Минска;15.05.2019;ИН298;;;;;;;;;;;179А/249-211;12.01.2018;л. 2-2;10-11/В-Г;88.109.0.28-АР-8;2-ой подземный;;;;;
250;2;63;;Собственник 253;05.03.2018;500/D-798200189;1;18,8;0,299535;0,3;500/853-14312;паспорт гражданина РБ;Н299;Партизанское РУВД г.Минска;28.05.2010;ИН299;;;;;;;;;;;179А/250-212;12.01.2018;л. 2-2;10-11/В-Г;88.109.0.28-АР-8;2-ой подземный;;;;;
251;2;62;;Собственник 254;15.08.2017;500/D-798192899;1;20,3;0,323434;0,323;500/747-8770;паспорт гражданина РБ;Н300;Первомайское РУВД г.Минска;03.09.2015;ИН300;;;;;;;;;;;179А/251-169;26.12.2017;л. 2-2;9-10/В-Г;88.109.0.28-АР-8;2-ой подземный;;;;;
252;2;61;;Собственник 255;07.06.2017;500/D-798188923;1;19,9;0,317061;0,317;500/311-17017;паспорт гражданина РБ;Н301;Партизанское РУВД г.Минска;21.02.2019;ИН301;;;;;;;;;;;179А/252-125;15.12.2017;л. 2-2;9-10/В-Г;88.109.0.28-АР-8;2-ой подземный;;;;;
253;2;60;;Собственник 256;03.04.2018;500/D-798197866;1;20,3;0,323434;0,323;500/1580-141;паспорт гражданина РБ;Н302;Первомайское РУВД г.Минска;14.04.2010;ИН302;;;;;;;;;;;179А/253-285;06.04.2018;л. 2-2;8-9/В-Г;88.109.0.28-АР-8;2-ой подземный;;;;;
254;2;59;;Собственник 257;03.04.2018;500/D-798197867;1;20,2;0,321841;0,322;500/1580-142;паспорт гражданина РБ;Н303;Первомайское РУВД г.Минска;14.04.2010;ИН303;;;;;;;;;;;179А/254-286;06.04.2018;л. 2-2;8-9/В-Г;88.109.0.28-АР-8;2-ой подземный;;;;;
255;2;28;;Собственник 258;18.01.2018;500/D-798198360;1;22,9;0,364859;0,365;500/1016-12517;паспорт гражданина РБ;Н304;Советское РУВД г.Минска;15.06.2017;ИН304;;;;;;;;;;;179А/255-234;16.01.2018;л. 1-2;7-8/В-Г;88.109.0.28-АР-7;2-ой подземный;;;;;
256;2;27;;Собственник 259;30.05.2017;500/D-798189262;1;24,4;0,388758;0,389;500/869-8627;паспорт гражданина РБ;Н305;Первомайское РУВД г.Минска;17.07.2019;ИН305;;;;;;;;;;;179А/256-78;09.12.2017;л. 1-2;7-8/В-Г;88.109.0.28-АР-7;2-ой подземный;;;;;
257;2;45;;Собственник 260;16.02.2018;500/D-798198732;1;19,5;0,310688;0,311;500/574-3255;паспорт гражданина РБ;Н306;Первомайское РУВД г.Минска;21.11.2011;ИН306;;;;;;;;;;;179А/257-282;20.03.2018;л. 2-2;8-9/Г-Д;88.109.0.28-АР-8;2-ой подземный;;;;;
258;2;46;;Собственник 261;14.08.2017;500/D-798192910;1;19,7;0,313874;0,314;500/659-16636;паспорт гражданина РБ;Н307;Октябрьское РУВД г.Минска;07.08.2013;ИН307;;;;;;;;;;;179А/258-7;02.12.2017;л. 2-2;8-9/Г-Д;88.109.0.28-АР-8;2-ой подземный;;;;;
259;2;47;;Собственник 262;02.12.2017;500/D-798196904;1;19,5;0,310688;0,311;500/1518-4899;паспорт гражданина РБ;Н308;Первомайское РУВД г.Минска;13.11.2018;ИН308;;;;;;;;;;;179А/259-184;03.01.2018;л. 2-2;9-10/Г-Д;88.109.0.28-АР-8;2-ой подземный;;;;;
260;2;48;;Собственник 263;02.12.2017;500/D-798196912;1;19,7;0,313874;0,314;500/1518-4900;паспорт гражданина РБ;Н309;Первомайское РУВД г.Минска;06.11.2018;ИН309;;;;;;;;;;;179А/260-185;03.01.2018;л. 2-2;9-10/Г-Д;88.109.0.28-АР-8;2-ой подземный;;;;;
261;2;49;;Собственник 264;26.09.2017;500/D-798194187;1;18,6;0,296348;0,296;500/574-2881;паспорт гражданина РБ;Н310;Первомайское РУВД г.Минска;10.06.2015;ИН310;;;;;;;;;;;179А/261-129;15.12.2017;л. 2-2;10-11/Г-Д;88.109.0.28-АР-8;2-ой подземный;;;;;
262;2;50;;Собственник 265;04.10.2017;500/D-798194384;1;16,4;0,261296;0,261;500/869-8993;паспорт гражданина РБ;Н311;Первомайское РУВД г.Минска;01.09.2014;ИН311;;;;;;;;;;;179А/262-220;13.01.2018;л. 2-2;10-11/Г-Д;88.109.0.28-АР-8;2-ой подземный;;;;;
263;2;51;;Собственник 266;30.06.2017;500/D-798188018;1;19,8;0,315467;0,315;500/1323-8365;справка из реестра предприятий Латвийской Республики;Н312;;28.03.2003;ИН312;;;;;;;;;;;;;л. 2-2;11-12/Г-Д;88.109.0.28-АР-8;2-ой подземный;;;;;
264;2;52;;Собственник 267;30.06.2017;500/D-798188019;1;20,1;0,320247;0,32;500/1323-8364;справка из реестра предприятий Латвийской Республики;Н313;;28.03.2003;ИН313;;;;;;;;;;;;;л. 2-2;11-12/Г-Д;88.109.0.28-АР-8;2-ой подземный;;;;;
265;2;53;;Собственник 268;08.06.2017;500/D-798188924;1;16,6;0,264483;0,264;500/117-6979;паспорт гражданина РБ;Н314;Первомайское РУВД г.Минска;07.02.2017;ИН314;;;;;;;;;;;179А/265-60;07.12.2017;л. 2-2;12-13/Г-Д;88.109.0.28-АР-8;2-ой подземный;;;;;
266;2;54;;Собственник 269;21.07.2017;500/D-798191596;1;16,8;0,267669;0,268;500/115-9677;паспорт гражданина РБ;Н315;Первомайское РУВД г.Минска;13.05.2016;ИН315;;;;;;;;;;;179А/266-59;07.12.2017;л. 2-2;12-13/Г-Д;88.109.0.28-АР-8;2-ой подземный;;;;;
267;2;55;;Собственник 270;03.06.2017;500/D-798188921;1;16,8;0,267669;0,268;500/117-6973;паспорт гражданина РБ;Н316;Первомайское РУВД г.Минска;19.04.2013;ИН316;;;;;;;;;;;179А/267-139;16.12.2017;л. 2-2;13-14/Г-Д;88.109.0.28-АР-8;2-ой подземный;;;;;
268;2;56;;Собственник 271;01.08.2017;500/D-798192362;1;16,5;0,26289;0,263;500/1738-1095;паспорт гражданина РБ;Н317;Первомайское РУВД г.Минска;24.05.2016;ИН317;;;;;;;;;;;179А/268-198;10.01.2018;л. 2-2;13-14/Г-Д;88.109.0.28-АР-8;2-ой подземный;;;;;
269;2;57;;Собственник 272;26.01.2018;500/D-798197868;1;31,9;0,508253;0,508;500/1422-9410;паспорт гражданина РБ;Н318;Первомайское РУВД г.Минска;19.07.2016;ИН318;;;;;;;;;;;179А/269-170;26.12.2017;л. 2-2;14-15/Г-Д;88.109.0.28-АР-8;2-ой подземный;;;;;
270;2;58;;Собственник 273;11.01.2018;500/D-798198261;1;16,7;0,266076;0,266;500/1422-9485;паспорт гражданина РБ;Н319;Минское РУВД Минской области;18.04.2017;ИН319;;;;;;;;;;;179А/270-207;11.01.2018;л. 2-2;15-16/Г-Д;88.109.0.28-АР-8;2-ой подземный;;;;;
271;2;100;;Собственник 274;11.01.2018;500/D-798198080;1;16,2;0,25811;0,258;500/1355-9398;паспорт гражданина РБ;Н320;Первомайское РУВД г.Минска;30.07.2013;ИН320;;;;;;;;;;;179А/271-206;11.01.2018;л. 3-2;15-16/Г-Д;88.109.0.28-АР-9;2-ой подземный;;;;;
272;2;101;;Собственник 275;27.10.2017;500/D-798195374;1;16,4;0,261296;0,261;500/1422-9035;паспорт гражданина РБ;Н321;Первомайское РУВД г.Минска;26.02.2014;ИН321;;;;;;;;;;;179А/272-106;12.12.2017;л. 3-2;16-17/Г-Д;88.109.0.28-АР-9;2-ой подземный;;;;;
273;2;102;;Собственник 276;22.02.2018;500/D-798200187;1;17,2;0,274042;0,274;500/1135-7904;паспорт гражданина РБ;Н322;Советское РУВД г.Минска;31.05.2010;ИН322;;;;;;;;;;;179А/273-254;07.02.2018;л. 3-2;16-17/Г-Д;88.109.0.28-АР-9;2-ой подземный;;;;;
274;2;103;;Собственник 277;10.07.2017;500/D-798190592;1;16,3;0,259703;0,26;500/311-17134;паспорт гражданина РБ;Н323;Первомайское РУВД г.Минска;11.06.2013;ИН323;;;;;;;;;;;179А/274-124;15.12.2017;л. 3-2;18-19/Г-Д;88.109.0.28-АР-9;2-ой подземный;;;;;
275;2;107;;Собственник 278;15.12.2017;500/D-798186968;1;17,1;0,272449;0,272;500/1323-9648;паспорт гражданина РБ;Н324;Первомайское РУВД г.Минска;13.05.2013;ИН324;;;;;;;;;;;179А/275-16;02.12.2017;л. 3-2;22-23/Г1-Д1;88.109.0.28-АР-9;2-ой подземный;;;;;
276;2;108;;Собственник 279;22.04.2020;500/D-798186969;1;31,7;0,505067;0,505;500/1323-15413;паспорт гражданина РБ;Н325;Первомайское РУВД г.Минска;15.05.2014;ИН325;;;;;;;;;;;179А/276-348;23.05.2020;л. 3-2;23-24/Г1-Д1;88.109.0.28-АР-9;2-ой подземный;;;;;
277;2;109;;Собственник 280;07.07.2017;500/D-798190567;1;16,5;0,26289;0,263;500/1016-11889;паспорт гражданина РБ;Н326;Первомайское РУВД г.Минска;13.03.2000;ИН326;;;;;;;;;;;179А/277-57;07.12.2017;л. 3-2;24-25/Г1-Д1;88.109.0.28-АР-9;2-ой подземный;;;;;
278;2;110;;Собственник 281;27.09.2017;500/D-798186970;1;16,6;0,264483;0,264;500/1323-9139;выписка из ЕГР;Н327;Минский горисполком;30.09.2014;ИН327;;;;;;;;;;;;;л. 3-2;24-25/Г1-Д1;88.109.0.28-АР-9;2-ой подземный;;;;;
279;2;111;;Собственник 282;31.05.2017;500/D-798187975;1;32,2;0,513033;0,513;500/684-6270;паспорт гражданина РБ;Н328;Советское РУВД г.Минска;04.12.2013;ИН328;;;;;;;;;;;179А/279-34;04.12.2017;л. 3-2;25-26/Г1-Д1;88.109.0.28-АР-9;2-ой подземный;;;учр. Титов Антон Леонидович;;
280;2;112;;Собственник 283;19.01.2021;500/D-798200190;1;16,3;0,259703;0,26;500/1865-744;паспорт гражданина РБ;Н329;Первомайское РУВД г.Минска;30.12.2014;ИН329;;;;;;;;;;;179А/280-367;26.01.2021;л. 3-2;26-27/Г1-Д1;88.109.0.28-АР-9;2-ой подземный;;;;;
281;2;113;;Собственник 284;19.01.2021;500/D-798200299;1;18,5;0,294755;0,295;500/1865-745;паспорт гражданина РБ;Н330;Первомайское РУВД г.Минска;30.12.2014;ИН330;;;;;;;;;;;179А/281-368;26.01.2021;л. 3-2;26-27/Г1-Д1;88.109.0.28-АР-9;2-ой подземный;;;;;
282;2;114;;Собственник 285;11.01.2018;500/D-798198074;1;16,6;0,264483;0,264;500/1452-7681;паспорт гражданина РБ;Н331;Октябрьское РУВД г.Минска;28.03.2014;ИН331;;;;;;;;;;;179А/282-224;13.01.2018;л. 3-2;28-29/Г1-Д1;88.109.0.28-АР-9;2-ой подземный;;;;;
283;2;154;;Собственник 286;11.01.2018;500/D-798198078;1;16,6;0,264483;0,264;500/1452-7679;паспорт гражданина РБ;Н332;Октябрьское РУВД г.Минска;28.03.2014;ИН332;;;;;;;;;;;179А/283-223;13.01.2018;л. 4-2;28-29/Г1-Д1;88.109.0.28-АР-10;2-ой подземный;;;;;
284;2;155;;Собственник 287;27.11.2019;500/D-798189264;1;32,2;0,513033;0,513;500/191-9965;свидетельство государстввенной регистрации;Н333;Минский райисполком;31.07.2015;ИН333;;;;;;;;;;;179А/284-344;26.12.2019;л. 4-2;29-30/Г1-Д1;88.109.0.28-АР-10;2-ой подземный;;;;;
285;2;156;;Собственник 288;27.09.2017;500/D-798186971;1;16,6;0,264483;0,264;500/1323-9140;выписка из ЕГР;Н334;Минский горисполком;30.09.2014;ИН334;;;;;;;;;;;;;л. 4-2;30-31/Г1-Д1;88.109.0.28-АР-10;2-ой подземный;;;;;
286;2;157;;Собственник 289;27.09.2017;500/D-798186972;1;16,7;0,266076;0,266;500/1323-9141;выписка из ЕГР;Н335;Минский горисполком;30.09.2014;ИН335;;;;;;;;;;;;;л. 4-2;30-31/Г1-Д1;88.109.0.28-АР-10;2-ой подземный;;;;;
287;2;158;;Собственник 290;30.11.2017;500/D-798197154;1;19,5;0,310688;0,311;500/713-6422;паспорт гражданина РБ;Н336;Первомайское РУВД г.Минска;16.02.2018;ИН336;;;;;;;;;;;179А/287-67;09.12.2017;л. 4-2;31-32/Г1-Д1;88.109.0.28-АР-10;2-ой подземный;;;;;
288;2;159;;Собственник 291;02.12.2017;500/D-798196903;1;19,1;0,304315;0,304;500/999-13476;паспорт гражданина РБ;Н337;Первомайское РУВД г.Минска;12.08.2010;ИН337;;;;;;;;;;;179А/288-69;09.12.2017;л. 4-2;31-32/Г1-Д1;88.109.0.28-АР-10;2-ой подземный;;;;;
289;2;153;;Собственник 292;24.07.2017;500/D-798191036;1;19,7;0,313874;0,314;500/771-12477;паспорт гражданина РБ;Н338;Новолукомльский ГОМ Чашникского РОВД Витебской области;18.06.2004;ИН338;;;;;;;;;;;179А/289-262;18.02.2018;л. 4-2;31-32/Е1-Ж1;88.109.0.28-АР-10;2-ой подземный;;;;;
290;2;152;;Собственник 293;27.12.2017;500/D-798197862;1;19,8;0,315467;0,315;500/691-11996;паспорт гражданина РБ;Н339;Первомайское РУВД г.Минска;22.06.2016;ИН339;;;;;;;;;;;179А/290-202;10.01.2018;л. 4-2;31-32/Е1-Ж1;88.109.0.28-АР-10;2-ой подземный;;;;;
291;2;151;;Собственник 294;04.11.2020;500/D-798190622;1;15,8;0,251737;0,252;500/1442-699;паспорт гражданина РБ;Н340;Первомайское РУВД г.Минска;27.09.2012;ИН340;;;;;;;;;;;179А/291-364;06.11.2020;л. 4-2;30-31/Е1-Ж1;88.109.0.28-АР-10;2-ой подземный;;;;;
292;2;150;;Собственник 295;27.09.2017;500/D-798186973;1;16,7;0,266076;0,266;500/1323-9142;выписка из ЕГР;Н341;Минский горисполком;30.09.2014;ИН341;;;;;;;;;;;;;л. 4-2;30-31/Е1-Ж1;88.109.0.28-АР-10;2-ой подземный;;;;;
293;2;149;;Собственник 296;09.01.2018;500/D-798198075;1;16,7;0,266076;0,266;500/1422-9458;паспорт гражданина РБ;Н342;Первомайское РУВД г.Минска;26.03.2018;ИН342;;;;;;;;;;;179А/293-108;12.12.2017;л. 4-2;29-30/Е1-Ж1;88.109.0.28-АР-10;2-ой подземный;;;;;
294;2;148;;Собственник 297;09.01.2018;500/D-798198043;1;16,7;0,266076;0,266;500/1422-9454;паспорт гражданина РБ;Н343;Первомайское РУВД г.Минска;26.03.2018;ИН343;;;;;;;;;;;179А/294-109;12.12.2017;л. 4-2;29-30/Е1-Ж1;88.109.0.28-АР-10;2-ой подземный;;;;;
295;2;147;;Собственник 298;27.09.2017;500/D-798186974;1;16,5;0,26289;0,263;500/1323-9143;выписка из ЕГР;Н344;Минский горисполком;30.09.2014;ИН344;;;;;;;;;;;;;л. 4-2;28-29/Е1-Ж1;88.109.0.28-АР-10;2-ой подземный;;;;;
296;2;99;;Собственник 299;24.10.2017;500/D-798195021;1;16,4;0,261296;0,261;500/850-7866;паспорт гражданина РБ;Н345;Первомайское РУВД г.Минска;26.07.2016;ИН345;;;;;;;;;;;179А/296-270;22.02.2018;л. 3-2;28-29/Е1-Ж1;88.109.0.28-АР-9;2-ой подземный;;;;;
297;2;98;;Собственник 300;24.07.2017;500/D-798191164;1;18,8;0,299535;0,3;500/747-8579;паспорт гражданина РБ;Н346;Первомайское РУВД г.Минска;28.03.2017;ИН346;;;;;;;;;;;179А/297-118;14.12.2017;л. 3-2;26-27/Е1-Ж1;88.109.0.28-АР-9;2-ой подземный;;;;;
298;2;97;;Собственник 301;28.11.2017;500/D-798196593;1;16,7;0,266076;0,266;500/1016-12287;паспорт гражданина РБ;Н347;Первомайское РУВД г.Минска;16.03.2018;ИН347;;;;;;;;;;;179А/298-30;03.12.2017;л. 3-2;26-27/Е1-Ж1;88.109.0.28-АР-9;2-ой подземный;;;;;
299;2;96;;Собственник 302;07.08.2017;5500/D-798192011;1;16,4;0,261296;0,261;500/691-11585;паспорт гражданина РБ;Н348;Советским РУВД г.Минска;03.05.2012;ИН348;;;;;;;;;;;179А/299-32;03.12.2017;л. 3-2;25-26/Е1-Ж1;88.109.0.28-АР-9;2-ой подземный;;;;;
300;2;95;;Собственник 303;03.08.2017;500/D-798192012;1;16,7;0,266076;0,266;500/853-13247;паспорт гражданина РБ;Н349;Первомайское РУВД г.Минска;01.06.2016;ИН349;;;;;;;;;;;179А/300-31;03.12.2017;л. 3-2;25-26/Е1-Ж1;88.109.0.28-АР-9;2-ой подземный;;;;;
301;2;94;;Собственник 304;02.12.2017;500/D-798191388;1;32,8;0,522593;0,523;500/747-8604;паспорт гражданина РБ;Н350;Первомайское РУВД г.Минска;10.04.2012;ИН350;;;;;;;;;;;179А/301-22;02.12.2017;л. 3-2;24-25/Е1-Ж1;88.109.0.28-АР-9;2-ой подземный;;;;;
302;2;93;;Собственник 305;18.11.2017;500/D-798195994;1;16,7;0,266076;0,266;500/526-4882;паспорт гражданина РБ;Н351;Октябрьское РУВД г.Минска;20.11.2017;ИН351;;;;;;;;;;;179А/302-29;03.12.2017;л. 3-2;23-24/Е1-Ж1;88.109.0.28-АР-9;2-ой подземный;;;;;
303;2;92;;Собственник 306;26.03.2018;500/D-798200921;1;16,6;0,264483;0,264;500/458-13630;паспорт гражданина РБ;Н352;Первомайское РУВД г.Минска;09.09.2019;ИН352;;;;;;;;;;;179А/303-267;20.02.2018;л. 3-2;23-24/Е1-Ж1;88.109.0.28-АР-9;2-ой подземный;;;;;
304;2;91;;Собственник 307;20.11.2017;500/D-798195992;1;24,5;0,390351;0,39;500/458-12678;паспорт гражданина РБ;Н353;Первомайское РУВД г.Минска;05.07.2012;ИН353;;+7 965 316 62 63;;;;;;;;;179А/304-56;07.12.2017;л. 3-2;20-21/Е(Е1)-Ж(Ж1);88.109.0.28-АР-9;2-ой подземный;;;;;
305;2;90;;Собственник 308;27.09.2017;500/D-798186975;1;16,6;0,264483;0,264;500/1323-9144;выписка из ЕГР;Н354;Минский горисполком;30.09.2014;ИН354;;;;;;;;;;;;;л. 3-2;16-17/Е-Ж;88.109.0.28-АР-9;2-ой подземный;;;;;
306;2;89;;Собственник 309;27.09.2017;500/D-798186976;1;16,5;0,26289;0,263;500/1323-9145;выписка из ЕГР;Н355;Минский горисполком;30.09.2014;ИН355;;;;;;;;;;;;;л. 3-2;16-17/Е-Ж;88.109.0.28-АР-9;2-ой подземный;;;;;
307;2;88;;Собственник 310;17.11.2017;500/D-798195908;1;16,5;0,26289;0,263;500/1248-7787;паспорт гражданина РБ;Н356;Первомайское РУВД г.Минска;01.06.2012;ИН356;;;;;;;;;;;179А/307-11;02.12.2017;л. 3-2;15-16/Е-Ж;88.109.0.28-АР-9;2-ой подземный;;;;;
308;2;44;;Собственник 311;17.11.2017;500/D-798195909;1;16,5;0,26289;0,263;500/1248-7788;паспорт гражданина РБ;Н357;Первомайское РУВД г.Минска;03.10.2002;ИН357;;;;;;;;;;;179А/308-168;24.12.2017;л. 2-2;15-16/Е-Ж;88.109.0.28-АР-8;2-ой подземный;;;;;
309;2;43;;Собственник 312;09.01.2018;500/D-798197865;1;33,3;0,530559;0,531;500/849-7086;паспорт гражданина РБ;Н358;Первомайское РУВД г.Минска;23.06.2015;ИН358;;;;;;;;;;;179А/309-196;09.01.2018;л. 2-2;14-15/Е-Ж;88.109.0.28-АР-8;2-ой подземный;;;;;
310;2;42;;Собственник 313;14.08.2019;500/D-798191595;1;16,6;0,264483;0,264;500/1802-1031;паспорт гражданина РБ;Н359;Партизанское РУВД г.Минска;28.04.2018;ИН359;;;;;;;;;;;179А/310-319;15.08.2019;л. 2-2;13-14/Е-Ж;88.109.0.28-АР-8;2-ой подземный;;;;;
311;2;41;;Собственник 314;18.12.2017;500/D-798197379;1;16,7;0,266076;0,266;500/1135-7621;паспорт гражданина РБ;Н360;Партизанское РУВД г.Минска;23.07.2012;ИН360;;;;;;;;;;;179А/311-144;18.12.2017;л. 2-2;13-14/Е-Ж;88.109.0.28-АР-8;2-ой подземный;;;;;
312;2;40;;Собственник 315;04.12.2017;500/D-798196942;1;16,8;0,267669;0,268;500/1518-4901;паспорт гражданина РБ;Н361;Первомайское РУВД г.Минска;03.03.2014;ИН361;;;;;;;;;;;179А/312-2;01.12.2017;л. 2-2;12-13/Е-Ж;88.109.0.28-АР-8;2-ой подземный;;;;;
313;2;39;;Собственник 316;16.11.2017;500/D-798195987;1;16,8;0,267669;0,268;500/469-9649;паспорт гражданина РБ;Н362;Первомайское РУВД г.Минска;26.04.2005;ИН362;;;;;;;;;;;179А/313-176;27.12.2017;л. 2-2;12-13/Е-Ж;88.109.0.28-АР-8;2-ой подземный;;;;;
314;2;38;;Собственник 317;01.08.2017;500/D-798192376;1;20,2;0,321841;0,322;500/1738-1094;паспорт гражданина РБ;Н363;Первомайское РУВД г.Минска;26.07.2012;ИН363;;;;;;;;;;;179А/314-99;12.12.2017;л. 2-2;11-12/Е-Ж;88.109.0.28-АР-8;2-ой подземный;;;;;
315;2;37;;Собственник 318;27.09.2017;500/D-798186977;1;20;0,318654;0,319;500/1323-9146;выписка из ЕГР;Н364;Минский горисполком;30.09.2014;ИН364;;;;;;;;;;;;;л. 2-2;11-12/Е-Ж;88.109.0.28-АР-8;2-ой подземный;;;;;
316;2;36;;Собственник 319;02.08.2017;500/D-798192372;1;16,6;0,264483;0,264;500/1422-8556;паспорт гражданина РБ;Н365;Первомайское РУВД г.Минска;15.09.1998;ИН365;;;;;;;;;;;179А/316-167;23.12.2017;л. 2-2;10-11/Е-Ж;88.109.0.28-АР-8;2-ой подземный;;;;;
317;2;35;;Собственник 320;20.01.2018;500/D-798198503;1;18,8;0,299535;0,3;500/1016-12538;паспорт гражданина РБ;Н366;Центральное РУВД г.Минска;10.02.2005;ИН366;;;;;;;;;;;179А/317-258;11.02.2008;л. 2-2;10-11/Е-Ж;88.109.0.28-АР-8;2-ой подземный;;;;;
318;2;34;;Собственник 321;22.01.2018;500/D-798198500;1;20;0,318654;0,319;500/469-9954;паспорт гражданина РБ;Н367;Первомайское РУВД г.Минска;02.07.2019;ИН367;;;;;;;;;;;179А/318-236;16.01.2018;л. 2-2;9-10/Е-Ж;88.109.0.28-АР-8;2-ой подземный;;;;;
319;2;33;;Собственник 322;22.11.2017;500/D-798196180;1;20;0,318654;0,319;500/1422-9067;паспорт гражданина РБ;Н368;Первомайское РУВД г.Минска;07.08.2015;ИН368;;;;;;;;;;;179А/319-65;09.12.2017;л. 2-2;9-10/Е-Ж;88.109.0.28-АР-8;2-ой подземный;;;;;
320;2;32;;Собственник 323;14.08.2017;500/D-798192898;1;19,8;0,315467;0,315;500/1518-4199;паспорт гражданина РБ;Н369;Первомайское РУВД г.Минска;09.11.2015;ИН369;;;;;;;;;;;179А/320-187;04.01.2018;л. 2-2;8-9/Е-Ж;88.109.0.28-АР-8;2-ой подземный;;;;;
321;2;31;;Собственник 324;31.10.2018;500/D-798190265;1;19,9;0,317061;0,317;500/179-13772;вид на жительство РБ;Н370;Первомайское РУВД г.Минска;26.11.2020;ИН370;;;;;;;;;;;179А/321-303;14.12.2018;л. 2-2;8-9/Е-Ж;88.109.0.28-АР-8;2-ой подземный;;;;;
20001;2;1;337,2;Въезд для секций №3 и №4;;;;;;;;;;;;;;;;;;;;;;;;;л. 1-2;1-7/А-Е;88.109.0.28-АР-7;2-ой подземный;;;;;
20002;2;2;15,6;КПП на въезде-выезде;;;;;;;;;;;;;;;;;;;;;;;;;л. 1-2;1-2/Е-Ж;88.109.0.28-АР-7;2-ой подземный;;;;;
20003;2;3;20;Помещение для хранения велосипедов;;;;;;;;;;;;;;;;;;;;;;;;;л. 1-2;1-2/Е-Ж;88.109.0.28-АР-7;2-ой подземный;;;;;
20004;2;4;21,4;Узел управления;;;;;;;;;;;;;;;;;;;;;;;;;л. 1-2;5-6/Е-Ж;88.109.0.28-АР-7;2-ой подземный;;;;;
20005;2;5;2,2;Коридор;;;;;;;;;;;;;;;;;;;;;;;;;л. 1-2;6-7/Е-Ж;88.109.0.28-АР-7;2-ой подземный;;;;;
20006;2;6;32,8;Помещение для хранения велосипедов;;;;;;;;;;;;;;;;;;;;;;;;;л. 1-2;6-7/Е-Ж;88.109.0.28-АР-7;2-ой подземный;;;;;
20007;2;7;2,5;Коридор;;;;;;;;;;;;;;;;;;;;;;;;;л. 1-2;6-7/Е-Ж;88.109.0.28-АР-7;2-ой подземный;;;;;
20008;2;8;7,8;Воздухозаборная шахта;;;;;;;;;;;;;;;;;;;;;;;;;л. 1-2;7-8/Е-Ж;88.109.0.28-АР-7;2-ой подземный;;;;;
20009;2;9;30,1;Приточная венткамера;;;;;;;;;;;;;;;;;;;;;;;;;л. 1-2;7-8/Е-Ж;88.109.0.28-АР-7;2-ой подземный;;;;;
20010;2;10;5,5;Помещение уборочного инвентаря;;;;;;;;;;;;;;;;;;;;;;;;;л. 1-2;2-3/Г-Д;88.109.0.28-АР-7;2-ой подземный;;;;;
20011;2;11;18,9;Помещение для хранения велосипедов;;;;;;;;;;;;;;;;;;;;;;;;;л. 1-2;2-3/В-Д;88.109.0.28-АР-7;2-ой подземный;;;;;
20012;2;12;41,3;Помещение ППА;;;;;;;;;;;;;;;;;;;;;;;;;л. 1-2;2-3/В-Г;88.109.0.28-АР-7;2-ой подземный;;;;;
20013;2;14;12,9;Коридор;;;;;;;;;;;;;;;;;;;;;;;;;л. 1-2;2-3/Б-В;88.109.0.28-АР-7;2-ой подземный;;;;;
20014;2;15;19,3;Помещение водомерной;;;;;;;;;;;;;;;;;;;;;;;;;л. 1-2;2-3/А-Б;88.109.0.28-АР-7;2-ой подземный;;;;;
20015;2;24;33,7;Приточная венткамера;;;;;;;;;;;;;;;;;;;;;;;;;л. 1-2;7-8/А-Б;88.109.0.28-АР-7;2-ой подземный;;;;;
20016;2;25;5,5;Воздухозаборная шахта;;;;;;;;;;;;;;;;;;;;;;;;;л. 1-2;7-8/А-Б;88.109.0.28-АР-7;2-ой подземный;;;;;
20017;2;26;4,7;Тамбур-шлюз;;;;;;;;;;;;;;;;;;;;;;;;;л. 1-2;7-8/Г-Д;88.109.0.28-АР-7;2-ой подземный;;;;;
20018;2;29;856,2;Проезд секции №4;;;;;;;;;;;;;;;;;;;;;;;;;л. 1-2, 2-2, 3-2, 4-2;7-20/Д-Е, 21-32/Д1-Е1;88.109.0.28-АР-7, 88.109.0.28-АР-8, 88.109.0.28-АР-9, 88.109.0.28-АР-10;2-ой подземный;;;;;
20019;2;30;1 422,00;Проезд секции №3;;;;;;;;;;;;;;;;;;;;;;;;;л. 1-2, 2-2, 3-2, 4-2;4-20/Б-В, 6-7/В-Г, 20-38/Б1-В1, 32-33/В1-Г1;88.109.0.28-АР-7, 88.109.0.28-АР-8, 88.109.0.28-АР-9, 88.109.0.28-АР-10;2-ой подземный;;;;;
20020;2;104;15,1;Тамбур-шлюз;;;;;;;;;;;;;;;;;;;;;;;;;л. 3-2;18-19/В-Д;88.109.0.28-АР-9;2-ой подземный;;;;;
20021;2;105;20,7;Венткамера;;;;;;;;;;;;;;;;;;;;;;;;;л. 3-2;19-21/Г(Г1)-Д(Д1);88.109.0.28-АР-9;2-ой подземный;;;;;
20022;2;106;31;Венткамера;;;;;;;;;;;;;;;;;;;;;;;;;л. 3-2;21-23/Г1-Д1;88.109.0.28-АР-9;2-ой подземный;;;;;
20023;2;117;27,6;Венткамера;;;;;;;;;;;;;;;;;;;;;;;;;л. 3-2;18-20/В-Г;88.109.0.28-АР-9;2-ой подземный;;;;;
20024;2;118;41,6;Венткамера;;;;;;;;;;;;;;;;;;;;;;;;;л. 3-2;20-22/В(В1)-Г(Г1);88.109.0.28-АР-9;2-ой подземный;;;;;
20025;2;183;29,4;Венткамера;;;;;;;;;;;;;;;;;;;;;;;;;л. 4-2;34-35/В1-Г1;88.109.0.28-АР-10;2-ой подземный;;;;;
20026;2;184;19,9;Помещение для хранения велосипедов;;;;;;;;;;;;;;;;;;;;;;;;;л. 4-2;34-36/В1-Г1;88.109.0.28-АР-10;2-ой подземный;;;;;
20027;2;186;2,5;Тамбур;;;;;;;;;;;;;;;;;;;;;;;;;л. 4-2;32-33/В1-Г1;88.109.0.28-АР-10;2-ой подземный;;;;;
20028;2;187;28;Венткамера;;;;;;;;;;;;;;;;;;;;;;;;;л. 4-2;32-33/Е1-Ж1;88.109.0.28-АР-10;2-ой подземный;;;;;
20029;2;188;9,9;Воздухозаборная камера;;;;;;;;;;;;;;;;;;;;;;;;;л. 4-2;32-33/Е1-Ж1;88.109.0.28-АР-10;2-ой подземный;;;;;
20030;2;189;47,6;Помещение для хранения велосипедов;;;;;;;;;;;;;;;;;;;;;;;;;л. 4-2;33-35/Е1-Ж1;88.109.0.28-АР-10;2-ой подземный;;;;;
20031;2;190;7,1;Помещение для хранения уборочного инвентаря;;;;;;;;;;;;;;;;;;;;;;;;;л. 4-2;33-34/Г1-Д1;88.109.0.28-АР-10;2-ой подземный;;;;;
20032;2;191;4;Помещение для хранения велосипедов;;;;;;;;;;;;;;;;;;;;;;;;;л. 4-2;33-35/Г1-Д1;88.109.0.28-АР-10;2-ой подземный;;;;;
20033;2;192;3,7;Помещение для хранения велосипедов;;;;;;;;;;;;;;;;;;;;;;;;;л. 4-2;33-35/Г1-Д1;88.109.0.28-АР-10;2-ой подземный;;;;;
20034;2;193;6,7;Помещение для хранения велосипедов;;;;;;;;;;;;;;;;;;;;;;;;;л. 4-2;33-35/Г1-Д1;88.109.0.28-АР-10;2-ой подземный;;;;;
20035;2;2001;9,7;I  «лестничная клетка»;;;;;;;;;;;;;;;;;;;;;;;;;л. 1-2;7-8/В-Г;88.109.0.28-АР-7;2-ой подземный;;;;;
20036;2;2002;36,4;III  «лестничная клетка»;;;;;;;;;;;;;;;;;;;;;;;;;л. 3-2;18-19/В-Г;88.109.0.28-АР-9;2-ой подземный;;;;;
20037;2;2003;9,5;IV  «лестничная клетка»;;;;;;;;;;;;;;;;;;;;;;;;;л. 4-2;31-32/В1-Г1;88.109.0.28-АР-10;2-ой подземный;;;;;
;;;6979;;;;;6276,4;100;99,98;;;;;;;;;;;;;;;;;;;;;;;;;;;
